Food-Category,Food-Name,Brand,Top-9,Gluten-Free,Dairy-Free,Soy-Free,Peanut-Free,Treenut-Free,Egg-Free,Sesame-Free,Shellfish-Free,Fish-Free,Organic,Special,Ingredients-Full,Source,Date-Modified
Yogurt,WayFare Health Foods Dairy Free Yogurt - Plain,WayFare Health Foods,1,1,1,1,1,1,1,0,1,1,,1,N/A,https://allergence.snacksafely.com/product/detail/602303CD/category,2023-05-26
Yogurt,WayFare Health Foods Dairy Free Yogurt - Raspberry,WayFare Health Foods,1,1,1,1,1,1,1,0,1,1,,1,N/A,https://allergence.snacksafely.com/product/detail/77453223/category,2023-05-26
Yogurt,WayFare Health Foods Dairy Free Yogurt - Strawberry,WayFare Health Foods,1,1,1,1,1,1,1,0,1,1,,1,N/A,https://allergence.snacksafely.com/product/detail/200810B7/category,2023-05-26
Peanut Butter Alternatives & Spreads,88 Acres Pumpkin Seed Butter - No Sugar Added,88 Acres,1,1,1,1,1,1,1,0,1,1,1,1,N/A,https://allergence.snacksafely.com/product/detail/02B32A81/category,2023-05-26
Peanut Butter Alternatives & Spreads,88 Acres Pumpkin Seed Butter - Roasted,88 Acres,1,1,1,1,1,1,1,0,1,1,1,1,N/A,https://allergence.snacksafely.com/product/detail/5128663B/category,2023-05-26
Peanut Butter Alternatives & Spreads,88 Acres Sunflower Seed Butter - Dark Chocolate,88 Acres,1,1,1,1,1,1,1,0,1,1,1,1,N/A,https://allergence.snacksafely.com/product/detail/7A64C58A/category,2023-05-26
Peanut Butter Alternatives & Spreads,88 Acres Sunflower Seed Butter - Maple,88 Acres,1,1,1,1,1,1,1,0,1,1,1,1,N/A,https://allergence.snacksafely.com/product/detail/4588656C/category,2023-05-26
Peanut Butter Alternatives & Spreads,88 Acres Sunflower Seed Butter - Vanilla Spiced,88 Acres,1,1,1,1,1,1,1,0,1,1,1,1,N/A,https://allergence.snacksafely.com/product/detail/3F93378E/category,2023-05-26
Peanut Butter Alternatives & Spreads,88 Acres Watermelon Seed Butter - No Sugar Added,88 Acres,1,1,1,1,1,1,1,0,1,1,1,1,N/A,https://allergence.snacksafely.com/product/detail/25F9A180/category,2023-05-26
Peanut Butter Alternatives & Spreads,88 Acres Watermelon Seed Butter - Roasted,88 Acres,1,1,1,1,1,1,1,0,1,1,1,1,N/A,https://allergence.snacksafely.com/product/detail/1DA91E32/category,2023-05-26
Peanut Butter Alternatives & Spreads,Don't Go Nuts Spread - Chocolate,Don’t Go Nuts,0,1,0,0,1,1,0,0,0,0,1,1,N/A,https://allergence.snacksafely.com/product/detail/5BF3585D/category,2023-05-26
Peanut Butter Alternatives & Spreads,Don't Go Nuts Spread - Pure Unsalted,Don’t Go Nuts,0,1,0,0,1,1,0,0,0,0,1,1,N/A,https://allergence.snacksafely.com/product/detail/E24C2E2C/category,2023-05-26
Peanut Butter Alternatives & Spreads,Don't Go Nuts Spread - Sea Salted,Don’t Go Nuts,0,1,0,0,1,1,0,0,0,0,1,1,N/A,https://allergence.snacksafely.com/product/detail/8D67053A/category,2023-05-26
Peanut Butter Alternatives & Spreads,Don't Go Nuts Spread - Simply Cinnamon,Don’t Go Nuts,0,1,0,0,1,1,0,0,0,0,1,1,N/A,https://allergence.snacksafely.com/product/detail/69FEB176/category,2023-05-26
Peanut Butter Alternatives & Spreads,Don't Go Nuts Spread - Slightly Sweet,Don’t Go Nuts,0,1,0,0,1,1,0,0,0,0,1,1,N/A,https://allergence.snacksafely.com/product/detail/2AD7DC68/category,2023-05-26
Peanut Butter Alternatives & Spreads,Field Trip Chickpea Butter - Chocolate,Field Trip,1,0,1,1,1,1,1,0,1,1,0,1,N/A,https://allergence.snacksafely.com/product/detail/71BF2779/category,2023-05-26
Peanut Butter Alternatives & Spreads,Field Trip Chickpea Butter - Cinnamon Churro,Field Trip,1,0,1,1,1,1,1,0,1,1,0,1,N/A,https://allergence.snacksafely.com/product/detail/397DC7EF/category,2023-05-26
Peanut Butter Alternatives & Spreads,Field Trip Chickpea Butter - Creamy Classic,Field Trip,1,0,1,1,1,1,1,0,1,1,0,1,N/A,https://allergence.snacksafely.com/product/detail/D1FE33DD/category,2023-05-26
Peanut Butter Alternatives & Spreads,Gerbs Seed Butters - Light Salt Pumpkin Seed Butter,Gerbs,1,0,1,1,1,1,1,0,1,1,0,1,N/A,https://allergence.snacksafely.com/product/detail/B1BC4C93/category,2023-05-26
Peanut Butter Alternatives & Spreads,Gerbs Seed Butters - Light Salt Super 5 Seed Butter,Gerbs,1,0,1,1,1,1,1,0,1,1,0,1,N/A,https://allergence.snacksafely.com/product/detail/F131341B/category,2023-05-26
Peanut Butter Alternatives & Spreads,Gerbs Seed Butters - Sweetened (Monk Fruit) Pumpkin Seed Butter,Gerbs,1,0,1,1,1,1,1,0,1,1,0,1,N/A,https://allergence.snacksafely.com/product/detail/AA3A4AD7/category,2023-05-26
Peanut Butter Alternatives & Spreads,Gerbs Seed Butters - Sweetened (Monk Fruit) Super 5 Seed Butter,Gerbs,1,0,1,1,1,1,1,0,1,1,0,1,N/A,https://allergence.snacksafely.com/product/detail/E9C568A9/category,2023-05-26
Peanut Butter Alternatives & Spreads,Kween Granola Butter - Chocolate,Kween,1,0,1,1,1,1,1,0,1,1,0,1,N/A,https://allergence.snacksafely.com/product/detail/98C51661/category,2023-05-26
Peanut Butter Alternatives & Spreads,Kween Granola Butter - Original,Kween,1,0,1,1,1,1,1,0,1,1,0,1,N/A,https://allergence.snacksafely.com/product/detail/8BB62556/category,2023-05-26
Peanut Butter Alternatives & Spreads,Kween Granola Butter - Vanilla,Kween,1,0,1,1,1,1,1,0,1,1,0,1,N/A,https://allergence.snacksafely.com/product/detail/3778EE41/category,2023-05-26
Peanut Butter Alternatives & Spreads,PASCHA Make Me Smile Chocolate Spread - Original,PASCHA,1,1,1,1,1,1,1,0,1,1,0,1,N/A,https://allergence.snacksafely.com/product/detail/8A87F656/category,2023-05-26
Peanut Butter Alternatives & Spreads,PASCHA Make Me Smile Chocolate Spread - Sugar Free,PASCHA,1,1,1,1,1,1,1,0,1,1,0,1,N/A,https://allergence.snacksafely.com/product/detail/87243727/category,2023-05-26
Peanut Butter Alternatives & Spreads,Beyond the Equator 5 Seed Butter - Chocolate,Beyond the Equator,1,1,1,1,1,1,1,0,1,1,0,0,N/A,https://allergence.snacksafely.com/product/detail/D8A07AAD/category,2023-05-26
Peanut Butter Alternatives & Spreads,Beyond the Equator 5 Seed Butter - Creamy,Beyond the Equator,1,1,1,1,1,1,1,0,1,1,0,0,N/A,https://allergence.snacksafely.com/product/detail/51F30DC6/category,2023-05-26
Peanut Butter Alternatives & Spreads,Beyond the Equator 5 Seed Butter - Crunchy,Beyond the Equator,1,1,1,1,1,1,1,0,1,1,0,0,N/A,https://allergence.snacksafely.com/product/detail/39FF709C/category,2023-05-26
Peanut Butter Alternatives & Spreads,Beyond the Equator 5 Seed Butter - Unsweetened,Beyond the Equator,1,1,1,1,1,1,1,0,1,1,0,0,N/A,https://allergence.snacksafely.com/product/detail/73CB57C1/category,2023-05-26
Peanut Butter Alternatives & Spreads,The Amazing Chickpea Spread - Creamy,The Amazing Chickpea,1,0,1,1,1,1,1,0,1,1,0,1,N/A,https://allergence.snacksafely.com/product/detail/23102FE6/category,2023-05-26
Peanut Butter Alternatives & Spreads,The Amazing Chickpea Spread - Crunchy,The Amazing Chickpea,1,0,1,1,1,1,1,0,1,1,0,1,N/A,https://allergence.snacksafely.com/product/detail/4201E503/category,2023-05-26
Peanut Butter Alternatives & Spreads,Finally! Chickpea Butter,Finally!,1,0,1,1,1,1,1,0,1,1,0,1,N/A,https://allergence.snacksafely.com/product/detail/25B45326/category,2023-05-26
Peanut Butter Alternatives & Spreads,Finally! Chickpea Cocoa Spread,Finally!,1,0,1,1,1,1,1,0,1,1,0,1,N/A,https://allergence.snacksafely.com/product/detail/00EF2CAD/category,2023-05-26
Peanut Butter Alternatives & Spreads,Finally! Chickpea Cookie Butter,Finally!,1,0,1,1,1,1,1,0,1,1,0,1,N/A,https://allergence.snacksafely.com/product/detail/8E46D94F/category,2023-05-26
Peanut Butter Alternatives & Spreads,WOWBUTTER - Creamy,WOWBUTTER,0,0,0,0,1,1,0,0,0,0,0,1,N/A,https://allergence.snacksafely.com/product/detail/2CDBF2B7/category,2023-05-26
Peanut Butter Alternatives & Spreads,WOWBUTTER - Crunchy,WOWBUTTER,0,0,0,0,1,1,0,0,0,0,0,1,N/A,https://allergence.snacksafely.com/product/detail/1861E480/category,2023-05-26
"Jams, Jellies & Preserves",LLamaLand Organics Fruit Spread - Camu Camu,LLamaLand Organics,1,0,1,1,1,1,1,0,1,1,1,1,N/A,https://allergence.snacksafely.com/product/detail/89FF1F41/category,2023-05-26
"Jams, Jellies & Preserves",LLamaLand Organics Fruit Spread - Golden Berries,LLamaLand Organics,1,0,1,1,1,1,1,0,1,1,1,1,N/A,https://allergence.snacksafely.com/product/detail/66C54A6C/category,2023-05-26
"Jams, Jellies & Preserves",LLamaLand Organics Fruit Spread - Lucuma,LLamaLand Organics,1,0,1,1,1,1,1,0,1,1,1,1,N/A,https://allergence.snacksafely.com/product/detail/27F0C560/category,2023-05-26
Coffee & Tea,Gerbs Coffee - Costa Rica Naranjo La Rosa,Gerbs,1,0,1,1,1,1,1,0,1,1,0,1,N/A,https://allergence.snacksafely.com/product/detail/3A3CD6FD/category,2023-05-26
Coffee & Tea,Gerbs Coffee - Dark Roast of the Decade,Gerbs,1,0,1,1,1,1,1,0,1,1,0,1,N/A,https://allergence.snacksafely.com/product/detail/061A6546/category,2023-05-26
Coffee & Tea,Gerbs Coffee - French Roast,Gerbs,1,0,1,1,1,1,1,0,1,1,0,1,N/A,https://allergence.snacksafely.com/product/detail/1278C02E/category,2023-05-26
Coffee & Tea,Gerbs Coffee - Guatemala La Voz,Gerbs,1,0,1,1,1,1,1,0,1,1,0,1,N/A,https://allergence.snacksafely.com/product/detail/029F5A28/category,2023-05-26
Coffee & Tea,Gerbs Coffee - Honduras Marcala COSMA,Gerbs,1,0,1,1,1,1,1,0,1,1,0,1,N/A,https://allergence.snacksafely.com/product/detail/EB30664F/category,2023-05-26
Coffee & Tea,Gerbs Coffee - Steam Roller Bold Blend,Gerbs,1,0,1,1,1,1,1,0,1,1,0,1,N/A,https://allergence.snacksafely.com/product/detail/45720D74/category,2023-05-26
"Bread, Bagels & Rolls",O'Doughs Bagel Thins - Everything,O’Doughs,0,1,0,0,1,1,0,0,0,0,0,1,N/A,https://allergence.snacksafely.com/product/detail/7AE14447/category,2023-05-26
"Bread, Bagels & Rolls",O'Doughs Bagel Thins - Original,O’Doughs,0,1,0,0,1,1,0,0,0,0,0,1,N/A,https://allergence.snacksafely.com/product/detail/86C2191C/category,2023-05-26
"Bread, Bagels & Rolls",O'Doughs Bagel Thins - Pumpernickel,O’Doughs,0,1,0,0,1,1,0,0,0,0,0,1,N/A,https://allergence.snacksafely.com/product/detail/0E96972F/category,2023-05-26
"Bread, Bagels & Rolls",O'Doughs Bagel Thins - Sesame,O’Doughs,0,1,0,0,1,1,0,0,0,0,0,1,N/A,https://allergence.snacksafely.com/product/detail/5393140E/category,2023-05-26
"Bread, Bagels & Rolls",O'Doughs Bagel Thins - Sprouted Whole Grain Flax,O’Doughs,0,1,0,0,1,1,0,0,0,0,0,1,N/A,https://allergence.snacksafely.com/product/detail/B9B96370/category,2023-05-26
"Bread, Bagels & Rolls",O'Doughs Break Loaves - White,O’Doughs,0,1,0,0,1,1,0,0,0,0,0,1,N/A,https://allergence.snacksafely.com/product/detail/BA47A4EC/category,2023-05-26
"Bread, Bagels & Rolls",O'Doughs Buns - Deluxe Hamburger,O’Doughs,0,0,0,0,1,1,0,0,0,0,0,1,N/A,https://allergence.snacksafely.com/product/detail/A8A512C4/category,2023-05-26
"Bread, Bagels & Rolls",O'Doughs Buns - Original Hot Dog,O’Doughs,0,0,0,0,1,1,0,0,0,0,0,1,N/A,https://allergence.snacksafely.com/product/detail/A14538A6/category,2023-05-26
"Bread, Bagels & Rolls",O'Doughs Sandwich Thins - Multigrain,O’Doughs,0,1,0,0,1,1,0,0,0,0,0,1,N/A,https://allergence.snacksafely.com/product/detail/899BCC08/category,2023-05-26
"Bread, Bagels & Rolls",O'Doughs Sandwich Thins - Original,O’Doughs,0,1,0,0,1,1,0,0,0,0,0,1,N/A,https://allergence.snacksafely.com/product/detail/C0D6B6BB/category,2023-05-26
"Bread, Bagels & Rolls",Angelic Bakehouse Sprouted Whole Grain Bread - 7-Grain - 16oz,Angelic Bakehouse,0,0,0,0,1,1,0,0,0,0,0,1,N/A,https://allergence.snacksafely.com/product/detail/A0F60C45/category,2023-05-26
"Bread, Bagels & Rolls",Angelic Bakehouse Sprouted Whole Grain Bread - 7-Grain - 24oz,Angelic Bakehouse,0,0,0,0,1,1,0,0,0,0,0,1,N/A,https://allergence.snacksafely.com/product/detail/B5AC8ED8/category,2023-05-26
"Bread, Bagels & Rolls",Angelic Bakehouse Sprouted Whole Grain Bread - 7-Grain ~ No Added Salt,Angelic Bakehouse,0,0,0,0,1,1,0,0,0,0,0,1,N/A,https://allergence.snacksafely.com/product/detail/29D1F90A/category,2023-05-26
"Bread, Bagels & Rolls",Angelic Bakehouse Sprouted Whole Grain Bread - 7-Grain ~ Reduced Sodium,Angelic Bakehouse,0,0,0,0,1,1,0,0,0,0,0,1,N/A,https://allergence.snacksafely.com/product/detail/C49D4DD9/category,2023-05-26
"Bread, Bagels & Rolls",Angelic Bakehouse Sprouted Whole Grain Bread - Raisin Wheat,Angelic Bakehouse,0,0,0,0,1,1,0,0,0,0,0,1,N/A,https://allergence.snacksafely.com/product/detail/1C547F75/category,2023-05-26
"Bread, Bagels & Rolls",Angelic Bakehouse Sprouted Whole Grain Bread - Rye,Angelic Bakehouse,0,0,0,0,1,1,0,0,0,0,0,1,N/A,https://allergence.snacksafely.com/product/detail/D7FB5884/category,2023-05-26
"Bread, Bagels & Rolls",Angelic Bakehouse Sprouted Whole Grain Bread - Wheat,Angelic Bakehouse,0,0,0,0,1,1,0,0,0,0,0,1,N/A,https://allergence.snacksafely.com/product/detail/9F4942BA/category,2023-05-26
"Bread, Bagels & Rolls",Angelic Bakehouse Sprouted Whole Grain Buns - Burger,Angelic Bakehouse,0,0,0,0,1,1,0,0,0,0,0,1,N/A,https://allergence.snacksafely.com/product/detail/1917EA52/category,2023-05-26
"Bread, Bagels & Rolls",Angelic Bakehouse Sprouted Whole Grain Buns - Hot Dog,Angelic Bakehouse,0,0,0,0,1,1,0,0,0,0,0,1,N/A,https://allergence.snacksafely.com/product/detail/D91D31D4/category,2023-05-26
"Bread, Bagels & Rolls",Angelic Bakehouse Sprouted Whole Grain Flatzza Crusts - 7-Grain,Angelic Bakehouse,0,0,0,0,1,1,0,0,0,0,0,1,N/A,https://allergence.snacksafely.com/product/detail/2FCE2A5F/category,2023-05-26
"Bread, Bagels & Rolls",Angelic Bakehouse Sprouted Whole Grain Flatzza Crusts - 7-Grain ~ Buddy,Angelic Bakehouse,0,0,0,0,1,1,0,0,0,0,0,1,N/A,https://allergence.snacksafely.com/product/detail/C97447DD/category,2023-05-26
"Bread, Bagels & Rolls",Angelic Bakehouse Sprouted Whole Grain Flatzza Crusts - 7-Grain ~ Reduced Sodium,Angelic Bakehouse,0,0,0,0,1,1,0,0,0,0,0,1,N/A,https://allergence.snacksafely.com/product/detail/19DF74F9/category,2023-05-26
"Bread, Bagels & Rolls",Angelic Bakehouse Sprouted Whole Grain Garden Wraps - Spring Kale + Spinach,Angelic Bakehouse,0,0,0,0,1,1,0,0,0,0,0,1,N/A,https://allergence.snacksafely.com/product/detail/24826C5A/category,2023-05-26
"Bread, Bagels & Rolls",Angelic Bakehouse Sprouted Whole Grain Garden Wraps - Turmeric Sweet Potato,Angelic Bakehouse,0,0,0,0,1,1,0,0,0,0,0,1,N/A,https://allergence.snacksafely.com/product/detail/AC7B07CC/category,2023-05-26
"Bread, Bagels & Rolls",Angelic Bakehouse Sprouted Whole Grain Garden Wraps - Vibrant Beet,Angelic Bakehouse,0,0,0,0,1,1,0,0,0,0,0,1,N/A,https://allergence.snacksafely.com/product/detail/363FEB4F/category,2023-05-26
"Bread, Bagels & Rolls",Angelic Bakehouse Sprouted Whole Grain Slider Buns - 7-Grain,Angelic Bakehouse,0,0,0,0,1,1,0,0,0,0,0,1,N/A,https://allergence.snacksafely.com/product/detail/62E856A3/category,2023-05-26
"Bread, Bagels & Rolls",Angelic Bakehouse Sprouted Whole Grain Wraps - 7-Grain,Angelic Bakehouse,0,0,0,0,1,1,0,0,0,0,0,1,N/A,https://allergence.snacksafely.com/product/detail/0E99C4D4/category,2023-05-26
"Bread, Bagels & Rolls",Angelic Bakehouse Sprouted Whole Grain Wraps - 7-Grain ~ Reduced Sodium,Angelic Bakehouse,0,0,0,0,1,1,0,0,0,0,0,1,N/A,https://allergence.snacksafely.com/product/detail/5D978EA2/category,2023-05-26
"Bread, Bagels & Rolls",Bread SRSLY Gluten-Free Sourdough Dinner Rolls,Bread SRSLY,1,1,1,1,1,1,1,0,1,1,0,1,N/A,https://allergence.snacksafely.com/product/detail/03E90D27/category,2023-05-26
"Bread, Bagels & Rolls",Bread SRSLY Gluten-Free Sourdough Loaf - Cinnamon Raisin,Bread SRSLY,1,1,1,1,1,1,1,0,1,1,0,1,N/A,https://allergence.snacksafely.com/product/detail/2D5B2B6E/category,2023-05-26
"Bread, Bagels & Rolls",Bread SRSLY Gluten-Free Sourdough Loaf - Classic,Bread SRSLY,1,1,1,1,1,1,1,0,1,1,0,1,N/A,https://allergence.snacksafely.com/product/detail/434397FA/category,2023-05-26
"Bread, Bagels & Rolls",Bread SRSLY Gluten-Free Sourdough Loaf - Seeded,Bread SRSLY,1,1,1,1,1,1,1,0,1,1,0,1,N/A,https://allergence.snacksafely.com/product/detail/85CB75BA/category,2023-05-26
"Bread, Bagels & Rolls",Bread SRSLY Gluten-Free Sourdough Loaf + Rolls Sampler,Bread SRSLY,1,1,1,1,1,1,1,0,1,1,0,1,N/A,https://allergence.snacksafely.com/product/detail/86AFFDFB/category,2023-05-26
"Bread, Bagels & Rolls",Bread SRSLY Gluten-Free Sourdough Loaf Mixed 3-Pack - Classic,Bread SRSLY,1,1,1,1,1,1,1,0,1,1,0,1,N/A,https://allergence.snacksafely.com/product/detail/A9D77EC0/category,2023-05-26
"Bread, Bagels & Rolls",Bread SRSLY Gluten-Free Sourdough Loaf Mixed 3-Pack - Seeded,Bread SRSLY,1,1,1,1,1,1,1,0,1,1,0,1,N/A,https://allergence.snacksafely.com/product/detail/A9D77EC0/category,2023-05-26
"Bread, Bagels & Rolls",Bread SRSLY Gluten-Free Sourdough Loaf Mixed 3-Pack - Cinnamon Raisin,Bread SRSLY,1,1,1,1,1,1,1,0,1,1,0,1,N/A,https://allergence.snacksafely.com/product/detail/A9D77EC0/category,2023-05-26
"Bread, Bagels & Rolls",Bread SRSLY Gluten-Free Sourdough Sandwich Rolls,Bread SRSLY,1,1,1,1,1,1,1,0,1,1,0,1,N/A,https://allergence.snacksafely.com/product/detail/44AC4A9B/category,2023-05-26
"Bread, Bagels & Rolls",Bread SRSLY Gluten-Free Sourdough Value Pack - Classic,Bread SRSLY,1,1,1,1,1,1,1,0,1,1,0,1,N/A,https://allergence.snacksafely.com/product/detail/EA4AF45F/category,2023-05-26
"Bread, Bagels & Rolls",Canyon Bakehouse Bagels - Blueberry,Canyon Bakehouse,0,1,0,0,1,1,0,0,0,0,0,1,N/A,https://allergence.snacksafely.com/product/detail/96158AAC/category,2023-05-26
"Bread, Bagels & Rolls",Canyon Bakehouse Bagels - Cinnamon Raisin,Canyon Bakehouse,0,1,0,0,1,1,0,0,0,0,0,1,N/A,https://allergence.snacksafely.com/product/detail/92E749ED/category,2023-05-26
"Bread, Bagels & Rolls",Canyon Bakehouse Bagels - Deli White,Canyon Bakehouse,0,1,0,0,1,1,0,0,0,0,0,1,N/A,https://allergence.snacksafely.com/product/detail/061912DE/category,2023-05-26
"Bread, Bagels & Rolls",Canyon Bakehouse Bagels - Everything,Canyon Bakehouse,0,1,0,0,1,1,0,0,0,0,0,1,N/A,https://allergence.snacksafely.com/product/detail/A14FEC69/category,2023-05-26
"Bread, Bagels & Rolls",Canyon Bakehouse Bagels - Plain,Canyon Bakehouse,0,1,0,0,1,1,0,0,0,0,0,1,N/A,https://allergence.snacksafely.com/product/detail/8480A961/category,2023-05-26
"Bread, Bagels & Rolls",Canyon Bakehouse Bread - 7-Grain,Canyon Bakehouse,0,1,0,0,1,1,0,0,0,0,0,1,N/A,https://allergence.snacksafely.com/product/detail/A1324A32/category,2023-05-26
"Bread, Bagels & Rolls",Canyon Bakehouse Bread - Ancient Grain,Canyon Bakehouse,0,1,0,0,1,1,0,0,0,0,0,1,N/A,https://allergence.snacksafely.com/product/detail/6B00187B/category,2023-05-26
"Bread, Bagels & Rolls",Canyon Bakehouse Bread - Cinnamon Raisin,Canyon Bakehouse,0,1,0,0,1,1,0,0,0,0,0,1,N/A,https://allergence.snacksafely.com/product/detail/87FBC037/category,2023-05-26
"Bread, Bagels & Rolls",Canyon Bakehouse Bread - Country White,Canyon Bakehouse,0,1,0,0,1,1,0,0,0,0,0,1,N/A,https://allergence.snacksafely.com/product/detail/CF6094B3/category,2023-05-26
"Bread, Bagels & Rolls",Canyon Bakehouse Bread - Deli Rye Style,Canyon Bakehouse,0,1,0,0,1,1,0,0,0,0,0,1,N/A,https://allergence.snacksafely.com/product/detail/943BDDAD/category,2023-05-26
"Bread, Bagels & Rolls",Canyon Bakehouse Bread - Heritage Style Honey White,Canyon Bakehouse,0,1,0,0,1,1,0,0,0,0,0,1,N/A,https://allergence.snacksafely.com/product/detail/CA391276/category,2023-05-26
"Bread, Bagels & Rolls",Canyon Bakehouse Bread - Heritage Style Whole Grain,Canyon Bakehouse,0,1,0,0,1,1,0,0,0,0,0,1,N/A,https://allergence.snacksafely.com/product/detail/CFAA69CD/category,2023-05-26
"Bread, Bagels & Rolls",Canyon Bakehouse Bread - Mountain White,Canyon Bakehouse,0,1,0,0,1,1,0,0,0,0,0,1,N/A,https://allergence.snacksafely.com/product/detail/4CFD860C/category,2023-05-26
"Bread, Bagels & Rolls",Canyon Bakehouse Burger Buns,Canyon Bakehouse,0,1,0,0,1,1,0,0,0,0,0,1,N/A,https://allergence.snacksafely.com/product/detail/059739F3/category,2023-05-26
"Bread, Bagels & Rolls",Canyon Bakehouse English Muffins - Honey Whole Grain,Canyon Bakehouse,0,1,0,0,1,1,0,0,0,0,0,1,N/A,https://allergence.snacksafely.com/product/detail/BD8E4357/category,2023-05-26
"Bread, Bagels & Rolls",Canyon Bakehouse English Muffins - Original,Canyon Bakehouse,0,1,0,0,1,1,0,0,0,0,0,1,N/A,https://allergence.snacksafely.com/product/detail/E78E3270/category,2023-05-26
"Bread, Bagels & Rolls",Schär Gluten Free Bagels - Cinnamon Raisin,Schär,0,1,0,0,1,1,0,0,0,0,0,0,N/A,https://allergence.snacksafely.com/product/detail/B0CFE9D6/category,2023-05-26
"Bread, Bagels & Rolls",Schär Gluten Free Bagels - Everything,Schär,0,1,0,0,1,1,0,0,0,0,0,0,N/A,https://allergence.snacksafely.com/product/detail/B01C8E0D/category,2023-05-26
"Bread, Bagels & Rolls",Schär Gluten Free Bagels - Plain,Schär,0,1,0,0,1,1,0,0,0,0,0,0,N/A,https://allergence.snacksafely.com/product/detail/8411B365/category,2023-05-26
"Bread, Bagels & Rolls",Schär Gluten Free Baguette,Schär,0,1,0,0,1,1,0,0,0,0,0,0,N/A,https://allergence.snacksafely.com/product/detail/5F5DC781/category,2023-05-26
"Bread, Bagels & Rolls",Schär Gluten Free Bread - Artisan Baker 10 Grains & Seeds,Schär,0,1,0,0,1,1,0,0,0,0,0,1,N/A,https://allergence.snacksafely.com/product/detail/F4A45B09/category,2023-05-26
"Bread, Bagels & Rolls",Schär Gluten Free Bread - Artisan Baker Multigrain,Schär,0,1,0,0,1,1,0,0,0,0,0,1,N/A,https://allergence.snacksafely.com/product/detail/CE491A0B/category,2023-05-26
"Bread, Bagels & Rolls",Schär Gluten Free Bread - Artisan Baker White,Schär,0,1,0,0,1,1,0,0,0,0,0,1,N/A,https://allergence.snacksafely.com/product/detail/EA9AB9C7/category,2023-05-26
"Bread, Bagels & Rolls",Schär Gluten Free Bread - Deli Style Sourdough,Schär,0,1,0,0,1,1,0,0,0,0,0,1,N/A,https://allergence.snacksafely.com/product/detail/A4A4E8DC/category,2023-05-26
"Bread, Bagels & Rolls",Schär Gluten Free Bread - Rustic Loaf,Schär,0,1,0,0,1,1,0,0,0,0,0,1,N/A,https://allergence.snacksafely.com/product/detail/5256747E/category,2023-05-26
"Bread, Bagels & Rolls",Schär Gluten Free Ciabatta Rolls,Schär,0,1,0,0,1,1,0,0,0,0,0,0,N/A,https://allergence.snacksafely.com/product/detail/178B9885/category,2023-05-26
"Bread, Bagels & Rolls",Schär Gluten Free Deli Style Seeded Sourdough,Schär,1,1,1,1,1,1,1,0,1,1,0,0,N/A,https://allergence.snacksafely.com/product/detail/477F1DF9/category,2023-05-26
"Bread, Bagels & Rolls",Schär Gluten Free Hamburger Buns,Schär,0,1,0,0,1,1,0,0,0,0,0,0,N/A,https://allergence.snacksafely.com/product/detail/481C1B3B/category,2023-05-26
"Bread, Bagels & Rolls",Schär Gluten Free Hot Dog Rolls,Schär,1,1,1,1,1,1,1,0,1,1,0,0,N/A,https://allergence.snacksafely.com/product/detail/E641D236/category,2023-05-26
"Bread, Bagels & Rolls",Schär Gluten Free Multigrain Ciabatta,Schär,0,1,0,0,1,1,0,0,0,0,0,0,N/A,https://allergence.snacksafely.com/product/detail/2FD75766/category,2023-05-26
"Bread, Bagels & Rolls",Schär Gluten Free Sandwich Rolls,Schär,0,1,0,0,1,1,0,0,0,0,0,0,N/A,https://allergence.snacksafely.com/product/detail/9C9AD0D5/category,2023-05-26
"Bread, Bagels & Rolls",Kinnikinnick's Bagels - Blueberry,Kinnikinnick,0,1,0,0,1,1,0,0,0,0,0,1,N/A,https://allergence.snacksafely.com/product/detail/96790D33/category,2023-05-26
"Bread, Bagels & Rolls",Kinnikinnick's Bagels - Cinnamon Raisin,Kinnikinnick,0,1,0,0,1,1,0,0,0,0,0,1,N/A,https://allergence.snacksafely.com/product/detail/B375FC19/category,2023-05-26
"Bread, Bagels & Rolls",Kinnikinnick's Bagels - Plain,Kinnikinnick,0,1,0,0,1,1,0,0,0,0,0,1,N/A,https://allergence.snacksafely.com/product/detail/8A379246/category,2023-05-26
"Bread, Bagels & Rolls",Kinnikinnick's Bread - Cinnamon Raisin,Kinnikinnick,0,1,0,0,1,1,0,0,0,0,0,1,N/A,https://allergence.snacksafely.com/product/detail/0BA0D249/category,2023-05-26
"Bread, Bagels & Rolls",Kinnikinnick's Bread - Multigrain,Kinnikinnick,0,1,0,0,1,1,0,0,0,0,0,1,N/A,https://allergence.snacksafely.com/product/detail/54645C74/category,2023-05-26
"Bread, Bagels & Rolls",Kinnikinnick's Bread - White,Kinnikinnick,0,1,0,0,1,1,0,0,0,0,0,1,N/A,https://allergence.snacksafely.com/product/detail/57BDC1E8/category,2023-05-26
"Bread, Bagels & Rolls",Kinnikinnick's Bread - Whole Grain,Kinnikinnick,0,1,0,0,1,1,0,0,0,0,0,1,N/A,https://allergence.snacksafely.com/product/detail/42930A91/category,2023-05-26
"Bread, Bagels & Rolls",Kinnikinnick's Buns - Hamburger,Kinnikinnick,0,1,0,0,1,1,0,0,0,0,0,1,N/A,https://allergence.snacksafely.com/product/detail/CC5E68FB/category,2023-05-26
"Bread, Bagels & Rolls",Kinnikinnick's Buns - Hot Dog,Kinnikinnick,0,1,0,0,1,1,0,0,0,0,0,1,N/A,https://allergence.snacksafely.com/product/detail/1B361953/category,2023-05-26
"Bread, Bagels & Rolls",Kinnikinnick's Dinner Rolls,Kinnikinnick,0,1,0,0,1,1,0,0,0,0,0,1,N/A,https://allergence.snacksafely.com/product/detail/78B203C6/category,2023-05-26
"Bread, Bagels & Rolls",Kinnikinnick's English Muffins,Kinnikinnick,0,1,0,0,1,1,0,0,0,0,0,1,N/A,https://allergence.snacksafely.com/product/detail/F0ACF8B5/category,2023-05-26
"Bread, Bagels & Rolls",Mo'Pweeze Bakery Breads - Sandwich Bread,Mo’Pweeze Bakery,1,0,1,1,1,1,1,0,1,1,0,1,N/A,https://allergence.snacksafely.com/product/detail/BCE7B25B/category,2023-05-26
"Bread, Bagels & Rolls",Mo'Pweeze Bakery Breads - Zucchini Bread,Mo’Pweeze Bakery,1,0,1,1,1,1,1,0,1,1,0,1,N/A,https://allergence.snacksafely.com/product/detail/C628D7F3/category,2023-05-26
"Bread, Bagels & Rolls",Mo'Pweeze Bakery Dinner Rolls,Mo’Pweeze Bakery,1,0,1,1,1,1,1,0,1,1,0,1,N/A,https://allergence.snacksafely.com/product/detail/19B29B4E/category,2023-05-26
"Bread, Bagels & Rolls",Ozery Bakery Morning Rounds - Apple Cinnamon,Ozery Bakery,0,0,0,0,1,1,0,0,0,0,0,1,N/A,https://allergence.snacksafely.com/product/detail/DCD79450/category,2023-05-26
"Bread, Bagels & Rolls",Ozery Bakery Morning Rounds - Blueberry,Ozery Bakery,0,0,0,0,1,1,0,0,0,0,0,1,N/A,https://allergence.snacksafely.com/product/detail/F5542D67/category,2023-05-26
"Bread, Bagels & Rolls",Ozery Bakery Morning Rounds - Cinnamon & Raisin,Ozery Bakery,0,0,0,0,1,1,0,0,0,0,0,1,N/A,https://allergence.snacksafely.com/product/detail/7DF3140A/category,2023-05-26
"Bread, Bagels & Rolls",Ozery Bakery Morning Rounds - Cranberry Orange,Ozery Bakery,0,0,0,0,1,1,0,0,0,0,0,1,N/A,https://allergence.snacksafely.com/product/detail/51FA2DAB/category,2023-05-26
"Bread, Bagels & Rolls",Ozery Bakery Morning Rounds - Muesli,Ozery Bakery,0,0,0,0,1,1,0,0,0,0,0,1,N/A,https://allergence.snacksafely.com/product/detail/3A8E6FE8/category,2023-05-26
"Bread, Bagels & Rolls",Ozery Bakery OneBun - Multi Grain,Ozery Bakery,0,0,0,0,1,1,0,0,0,0,0,1,N/A,https://allergence.snacksafely.com/product/detail/08A85173/category,2023-05-26
"Bread, Bagels & Rolls",Ozery Bakery OneBun - Organic Wheat,Ozery Bakery,0,0,0,0,1,1,0,0,0,0,0,1,N/A,https://allergence.snacksafely.com/product/detail/4D878542/category,2023-05-26
"Bread, Bagels & Rolls",Ozery Bakery OneBun - Whole Wheat 100 Calorie,Ozery Bakery,0,0,0,0,1,1,0,0,0,0,0,1,N/A,https://allergence.snacksafely.com/product/detail/ACEFB419/category,2023-05-26
"Bread, Bagels & Rolls",Ozery Bakery Snacking Round - Apple Cinnamon,Ozery Bakery,0,0,0,0,1,1,0,0,0,0,0,1,N/A,https://allergence.snacksafely.com/product/detail/975C5F8E/category,2023-05-26
"Bread, Bagels & Rolls",Ozery Bakery Snacking Round - Blueberry,Ozery Bakery,0,0,0,0,1,1,0,0,0,0,0,1,N/A,https://allergence.snacksafely.com/product/detail/FED01B94/category,2023-05-26
"Bread, Bagels & Rolls",Ozery Bakery Snacking Round - Cranberry Orange,Ozery Bakery,0,0,0,0,1,1,0,0,0,0,0,1,N/A,https://allergence.snacksafely.com/product/detail/138547B5/category,2023-05-26
"Bread, Bagels & Rolls",Ozery Bakery Snacking Round - Muesli,Ozery Bakery,0,0,0,0,1,1,0,0,0,0,0,1,N/A,https://allergence.snacksafely.com/product/detail/106719A4/category,2023-05-26
"Bread, Bagels & Rolls",Pretzilla Soft Pretzel Bites,Pretzilla,0,0,0,0,1,1,0,0,0,0,0,1,N/A,https://allergence.snacksafely.com/product/detail/65A2081C/category,2023-05-26
"Bread, Bagels & Rolls",Pretzilla Soft Pretzel Burger Buns,Pretzilla,0,0,0,0,1,1,0,0,0,0,0,1,N/A,https://allergence.snacksafely.com/product/detail/8D77E73D/category,2023-05-26
"Bread, Bagels & Rolls",Pretzilla Soft Pretzel Mini Buns,Pretzilla,0,0,0,0,1,1,0,0,0,0,0,1,N/A,https://allergence.snacksafely.com/product/detail/CD43D297/category,2023-05-26
"Bread, Bagels & Rolls",Pretzilla Soft Pretzel Sausage Buns,Pretzilla,0,0,0,0,1,1,0,0,0,0,0,1,N/A,https://allergence.snacksafely.com/product/detail/599090D4/category,2023-05-26
"Bread, Bagels & Rolls",The Greater Knead Bagels - Chocolate Chip,The Greater Knead,1,0,1,1,1,1,1,0,1,1,0,0,N/A,https://allergence.snacksafely.com/product/detail/D3C8F0B9/category,2023-05-26
"Bread, Bagels & Rolls",The Greater Knead Bagels - Cinnamon Raisin,The Greater Knead,1,0,1,1,1,1,1,0,1,1,0,0,N/A,https://allergence.snacksafely.com/product/detail/BFB980BC/category,2023-05-26
"Bread, Bagels & Rolls",The Greater Knead Bagels - Everything,The Greater Knead,1,0,1,1,1,1,1,0,1,1,0,0,N/A,https://allergence.snacksafely.com/product/detail/C5E6F6D6/category,2023-05-26
"Bread, Bagels & Rolls",The Greater Knead Bagels - French Toast,The Greater Knead,1,0,1,1,1,1,1,0,1,1,0,0,N/A,https://allergence.snacksafely.com/product/detail/F7672FF3/category,2023-05-26
"Bread, Bagels & Rolls",The Greater Knead Bagels - Garlic,The Greater Knead,1,0,1,1,1,1,1,0,1,1,0,0,N/A,https://allergence.snacksafely.com/product/detail/AC94AA22/category,2023-05-26
"Bread, Bagels & Rolls",The Greater Knead Bagels - Onion,The Greater Knead,1,0,1,1,1,1,1,0,1,1,0,0,N/A,https://allergence.snacksafely.com/product/detail/5AAEAFB8/category,2023-05-26
"Bread, Bagels & Rolls",The Greater Knead Bagels - Plain,The Greater Knead,1,0,1,1,1,1,1,0,1,1,0,0,N/A,https://allergence.snacksafely.com/product/detail/7F036C05/category,2023-05-26
"Bread, Bagels & Rolls",The Greater Knead Bagels - Poppy Seed,The Greater Knead,1,0,1,1,1,1,1,0,1,1,0,0,N/A,https://allergence.snacksafely.com/product/detail/BFD5C62D/category,2023-05-26
"Bread, Bagels & Rolls",The Greater Knead Bagels - Pumpkin,The Greater Knead,1,0,1,1,1,1,1,0,1,1,0,0,N/A,https://allergence.snacksafely.com/product/detail/78CA4FA2/category,2023-05-26
"Bread, Bagels & Rolls",The Greater Knead Bagels - Salt,The Greater Knead,1,0,1,1,1,1,1,0,1,1,0,0,N/A,https://allergence.snacksafely.com/product/detail/981063B1/category,2023-05-26
"Bread, Bagels & Rolls",The Greater Knead Bagels - Snickerdoodle,The Greater Knead,1,0,1,1,1,1,1,0,1,1,0,0,N/A,https://allergence.snacksafely.com/product/detail/35F7F6A7/category,2023-05-26
"Bread, Bagels & Rolls",The Greater Knead Bagels - Tomato Basil,The Greater Knead,1,0,1,1,1,1,1,0,1,1,0,0,N/A,https://allergence.snacksafely.com/product/detail/BB96BB2D/category,2023-05-26
"Bread, Bagels & Rolls",Two Fields Bakeshop Gluten-Free Dinner Rolls,Two Fields Bakeshop,0,1,0,0,1,1,0,0,0,0,0,0,N/A,https://allergence.snacksafely.com/product/detail/46E79768/category,2023-05-26
"Bread, Bagels & Rolls",Two Fields Bakeshop Gluten-Free English Muffins,Two Fields Bakeshop,0,1,0,0,1,1,0,0,0,0,0,0,N/A,https://allergence.snacksafely.com/product/detail/42BD536A/category,2023-05-26
"Bread, Bagels & Rolls",Two Fields Bakeshop Gluten-Free Pizza Crust - Dairy-Free,Two Fields Bakeshop,0,1,0,0,1,1,0,0,0,0,0,0,N/A,https://allergence.snacksafely.com/product/detail/1D3302D6/category,2023-05-26
"Bread, Bagels & Rolls",Two Fields Bakeshop Gluten-Free Sub Rolls,Two Fields Bakeshop,0,1,0,0,1,1,0,0,0,0,0,0,N/A,https://allergence.snacksafely.com/product/detail/1D3302D6/category,2023-05-26
Breakfast Cereal,Oats in Coats Oatmeal - Apple,Oats in Coats,1,1,1,1,1,1,1,0,1,1,0,1,N/A,https://allergence.snacksafely.com/product/detail/3F92F90E/category,2023-05-26
Breakfast Cereal,Oats in Coats Oatmeal - Berry,Oats in Coats,1,1,1,1,1,1,1,0,1,1,0,1,N/A,https://allergence.snacksafely.com/product/detail/25A33CD0/category,2023-05-26
Breakfast Cereal,"ZEGO Organic Exceptional Oats [K,O,GF,NG]  — Plain",ZEGO,1,1,1,1,1,1,1,0,1,1,1,1,N/A,https://allergence.snacksafely.com/product/detail/8012024E/category,2023-05-26
Breakfast Cereal,ZEGO Organic Muesli - Apple Cranberry,ZEGO,1,1,1,1,1,1,1,0,1,1,1,1,N/A,https://allergence.snacksafely.com/product/detail/A631ECB7/category,2023-05-26
Breakfast Cereal,ZEGO Organic Muesli - Cinnamon Twist,ZEGO,1,1,1,1,1,1,1,0,1,1,1,1,N/A,https://allergence.snacksafely.com/product/detail/926DA3CC/category,2023-05-26
Baby & Toddler Food,FoodieKid Simple Starters - Lentil & Veggie Blends Pack,FoodieKid,0,0,0,0,1,1,0,0,0,0,1,0,N/A,https://allergence.snacksafely.com/product/detail/356417A5/category,2023-05-26
Baby & Toddler Food,FoodieKid Simple Starters - Root Veggie & Squash Pack,FoodieKid,0,0,0,0,1,1,0,0,0,0,1,0,N/A,https://allergence.snacksafely.com/product/detail/580A07A4/category,2023-05-26
Baby & Toddler Food,FoodieKid Simple Starters - Veggie Blends Pack,FoodieKid,0,0,0,0,1,1,0,0,0,0,1,0,N/A,https://allergence.snacksafely.com/product/detail/7D8BE353/category,2023-05-26
"Nutrition, Cereal & Energy Bars",88 Acres Protein Bar - Banana Bread,88 Acres,1,1,1,1,1,1,1,0,1,1,,1,N/A,https://allergence.snacksafely.com/product/detail/DBC5523B/category,2023-05-26
"Nutrition, Cereal & Energy Bars",88 Acres Protein Bar - Dark Chocolate Brownie,88 Acres,1,1,1,1,1,1,1,0,1,1,,1,N/A,https://allergence.snacksafely.com/product/detail/0F279D13/category,2023-05-26
"Nutrition, Cereal & Energy Bars",88 Acres Seed Bar - Cinnamon & Oats,88 Acres,1,1,1,1,1,1,1,0,1,1,,1,N/A,https://allergence.snacksafely.com/product/detail/7305E2B3/category,2023-05-26
"Nutrition, Cereal & Energy Bars",88 Acres Seed Bar - Dark Chocolate Sea Salt,88 Acres,1,1,1,1,1,1,1,0,1,1,,1,N/A,https://allergence.snacksafely.com/product/detail/4487C8CD/category,2023-05-26
"Nutrition, Cereal & Energy Bars",88 Acres Seed Bar - Double Chocolate Mocha,88 Acres,1,1,1,1,1,1,1,0,1,1,,1,N/A,https://allergence.snacksafely.com/product/detail/3A1F6CCA/category,2023-05-26
"Nutrition, Cereal & Energy Bars",88 Acres Seed Bar - Spiced Ginger Apple,88 Acres,1,1,1,1,1,1,1,0,1,1,,1,N/A,https://allergence.snacksafely.com/product/detail/258D1AF0/category,2023-05-26
"Nutrition, Cereal & Energy Bars",88 Acres Seed Bar - Triple Berry Blend,88 Acres,1,1,1,1,1,1,1,0,1,1,,1,N/A,https://allergence.snacksafely.com/product/detail/340D646A/category,2023-05-26
"Nutrition, Cereal & Energy Bars",Alternutive Sunflower Seed Butter Snack Bars - Cinnamon,Alternutive,0,0,0,0,1,1,0,0,,0,0,0,N/A,https://allergence.snacksafely.com/product/detail/412400D2/category,2023-05-26
"Nutrition, Cereal & Energy Bars",Alternutive Sunflower Seed Butter Snack Bars  - Dark Chocolate,Alternutive,0,0,0,0,1,1,0,0,,0,0,0,N/A,https://allergence.snacksafely.com/product/detail/E5F92E75/category,2023-05-26
"Nutrition, Cereal & Energy Bars",Alternutive Sunflower Seed Butter Snack Bars  - Honey,Alternutive,0,0,0,0,1,1,0,0,,0,0,0,N/A,https://allergence.snacksafely.com/product/detail/138D3025/category,2023-05-26
"Nutrition, Cereal & Energy Bars",Avalanche Bar -  Apple Cinnamon,Avalanche,0,0,0,0,1,1,0,0,,0,0,0,N/A,https://allergence.snacksafely.com/product/detail/86938468/category,2023-05-26
"Nutrition, Cereal & Energy Bars",Avalanche Bar - Blueberry Vanilla,Avalanche,0,0,0,0,1,1,0,0,,0,0,0,N/A,https://allergence.snacksafely.com/product/detail/0E578807/category,2023-05-26
"Nutrition, Cereal & Energy Bars",Avalanche Bar - Caramel Espresso,Avalanche,0,0,0,0,1,1,0,0,,0,0,0,N/A,https://allergence.snacksafely.com/product/detail/B1A50BE8/category,2023-05-26
"Nutrition, Cereal & Energy Bars",Avalanche Bar - Cherry Chocolate,Avalanche,0,0,0,0,1,1,0,0,,0,0,0,N/A,https://allergence.snacksafely.com/product/detail/8685DB0C/category,2023-05-26
"Nutrition, Cereal & Energy Bars",Avalanche Bar - Cinnamon Raisin,Avalanche,0,0,0,0,1,1,0,0,,0,0,0,N/A,https://allergence.snacksafely.com/product/detail/7E0E8E26/category,2023-05-26
"Nutrition, Cereal & Energy Bars",Avalanche Bar - Cranberry Pineapple,Avalanche,0,0,0,0,1,1,0,0,,0,0,0,N/A,https://allergence.snacksafely.com/product/detail/44950FE1/category,2023-05-26
"Nutrition, Cereal & Energy Bars",Blake's Seed Based Protein Bar - Chocolate Mint,Blake’s Seed Based,0,0,0,0,1,1,0,0,,0,0,0,N/A,https://allergence.snacksafely.com/product/detail/877E4B92/category,2023-05-26
"Nutrition, Cereal & Energy Bars",Blake's Seed Based Snack Bar - Blueberry Lemon,Blake's Seed Based,0,0,0,0,1,1,0,0,,0,0,0,N/A,https://allergence.snacksafely.com/product/detail/62F39806/category,2023-05-26
"Nutrition, Cereal & Energy Bars",Blake's Seed Based Snack Bar - Pineapple,Blake's Seed Based,0,0,0,0,1,1,0,0,,0,0,0,N/A,https://allergence.snacksafely.com/product/detail/91F7C740/category,2023-05-26
"Nutrition, Cereal & Energy Bars",Blake's Seed Based Snack Bar - Raspberry,Blake's Seed Based,0,0,0,0,1,1,0,0,,0,0,0,N/A,https://allergence.snacksafely.com/product/detail/6F09D69C/category,2023-05-26
"Nutrition, Cereal & Energy Bars",Blake's Seed Based Snack Bar - S’mores,Blake's Seed Based,0,0,0,0,1,1,0,0,,0,0,0,N/A,https://allergence.snacksafely.com/product/detail/5B5E578A/category,2023-05-26
"Nutrition, Cereal & Energy Bars",Bliss Barz - Brownie,Bliss Barz,1,0,1,1,1,1,1,0,1,1,0,1,N/A,https://allergence.snacksafely.com/product/detail/9F540ED1/category,2023-05-26
"Nutrition, Cereal & Energy Bars",Bliss Barz - Mint,Bliss Barz,1,0,1,1,1,1,1,0,1,1,0,1,N/A,https://allergence.snacksafely.com/product/detail/99459178/category,2023-05-26
"Nutrition, Cereal & Energy Bars",Appleways Whole Grain Soft Oatmeal Bars - Apple,Appleways,0,0,0,0,1,1,0,0,,0,0,1,N/A,https://allergence.snacksafely.com/product/detail/3E0BDE66/category,2023-05-26
"Nutrition, Cereal & Energy Bars",Appleways Whole Grain Soft Oatmeal Bars - Blueberry,Appleways,0,0,0,0,1,1,0,0,,0,0,1,N/A,https://allergence.snacksafely.com/product/detail/385BB0E4/category,2023-05-26
"Nutrition, Cereal & Energy Bars",Appleways Whole Grain Soft Oatmeal Bars - Chocolate Chip,Appleways,0,0,0,0,1,1,0,0,,0,0,1,N/A,https://allergence.snacksafely.com/product/detail/BE1C3F2F/category,2023-05-26
"Nutrition, Cereal & Energy Bars",Appleways Whole Grain Soft Oatmeal Bars - Strawberry,Appleways,0,0,0,0,1,1,0,0,,0,0,1,N/A,https://allergence.snacksafely.com/product/detail/25A589A1/category,2023-05-26
"Nutrition, Cereal & Energy Bars",Don't Go Nuts Snack Bar - Blueberry Blast,Don't Go Nuts,0,1,0,0,1,1,0,0,,0,1,1,N/A,https://allergence.snacksafely.com/product/detail/2BD0206E/category,2023-05-26
"Nutrition, Cereal & Energy Bars",Don't Go Nuts Snack Bar - Boogie Board Bash,Don't Go Nuts,0,1,0,0,1,1,0,0,,0,1,1,N/A,https://allergence.snacksafely.com/product/detail/F3324B2A/category,2023-05-26
"Nutrition, Cereal & Energy Bars",Don't Go Nuts Snack Bar - Gorilla Power,Don't Go Nuts,0,1,0,0,1,1,0,0,,0,1,1,N/A,https://allergence.snacksafely.com/product/detail/1D922C72/category,2023-05-26
"Nutrition, Cereal & Energy Bars",Don't Go Nuts Snack Bar - Lift Service,Don't Go Nuts,0,1,0,0,1,1,0,0,,0,1,1,N/A,https://allergence.snacksafely.com/product/detail/4D88C214/category,2023-05-26
"Nutrition, Cereal & Energy Bars",Don't Go Nuts Snack Bar - Whitewater Chomp,Don't Go Nuts,0,1,0,0,1,1,0,0,,0,1,1,N/A,https://allergence.snacksafely.com/product/detail/4ABB1C97/category,2023-05-26
"Nutrition, Cereal & Energy Bars",Enjoy Life Baked Chewy Bars - Caramel Apple,Enjoy Life,1,1,1,1,1,1,1,0,1,1,0,1,N/A,https://allergence.snacksafely.com/product/detail/02B43686/category,2023-05-26
"Nutrition, Cereal & Energy Bars",Enjoy Life Baked Chewy Bars - Caramel Blondie,Enjoy Life,1,1,1,1,1,1,1,0,1,1,0,1,N/A,https://allergence.snacksafely.com/product/detail/196DA6FF/category,2023-05-26
"Nutrition, Cereal & Energy Bars",Enjoy Life Baked Chewy Bars - Cocoa Loco,Enjoy Life,1,1,1,1,1,1,1,0,1,1,0,1,N/A,https://allergence.snacksafely.com/product/detail/BC2CAFAB/category,2023-05-26
"Nutrition, Cereal & Energy Bars",Enjoy Life Baked Chewy Bars - SunSeed Crunch,Enjoy Life,1,1,1,1,1,1,1,0,1,1,0,1,N/A,https://allergence.snacksafely.com/product/detail/BB7A835B/category,2023-05-26
"Nutrition, Cereal & Energy Bars",Enjoy Life Breakfast Ovals - Apple Cinnamon,Enjoy Life,1,1,1,1,1,1,1,0,1,1,0,1,N/A,https://allergence.snacksafely.com/product/detail/5C5599AC/category,2023-05-26
"Nutrition, Cereal & Energy Bars",Enjoy Life Breakfast Ovals - Berry Medley,Enjoy Life,1,1,1,1,1,1,1,0,1,1,0,1,N/A,https://allergence.snacksafely.com/product/detail/89853FB3/category,2023-05-26
"Nutrition, Cereal & Energy Bars",Enjoy Life Breakfast Ovals - Chocolate Chip Banana,Enjoy Life,1,1,1,1,1,1,1,0,1,1,0,1,N/A,https://allergence.snacksafely.com/product/detail/6EDACD17/category,2023-05-26
"Nutrition, Cereal & Energy Bars",Enjoy Life Breakfast Ovals - Maple Fig,Enjoy Life,1,1,1,1,1,1,1,0,1,1,0,1,N/A,https://allergence.snacksafely.com/product/detail/D1654AD7/category,2023-05-26
"Nutrition, Cereal & Energy Bars",Enjoy Life Enjoy Bites - Dark Raspberry,Enjoy Life,1,1,1,1,1,1,1,0,1,1,0,1,N/A,https://allergence.snacksafely.com/product/detail/D0A62B7E/category,2023-05-26
"Nutrition, Cereal & Energy Bars",Enjoy Life Enjoy Bites - Dipped Banana,Enjoy Life,1,1,1,1,1,1,1,0,1,1,0,1,N/A,https://allergence.snacksafely.com/product/detail/D97DA6FE/category,2023-05-26
"Nutrition, Cereal & Energy Bars",Enjoy Life Enjoy Bites - SunSeed Butter,Enjoy Life,1,1,1,1,1,1,1,0,1,1,0,1,N/A,https://allergence.snacksafely.com/product/detail/00BDA501/category,2023-05-26
"Nutrition, Cereal & Energy Bars",FreeYumm Soft Baked Bars - Blueberry,FreeYumm,1,1,1,1,1,1,1,0,1,1,0,1,N/A,https://allergence.snacksafely.com/product/detail/CB9537F0/category,2023-05-26
"Nutrition, Cereal & Energy Bars",FreeYumm Soft Baked Bars - Chocolate Chip,FreeYumm,1,1,1,1,1,1,1,0,1,1,0,1,N/A,https://allergence.snacksafely.com/product/detail/959BFE7B/category,2023-05-26
"Nutrition, Cereal & Energy Bars",FreeYumm Soft Baked Bars - Honey Apple,FreeYumm,1,1,1,1,1,1,1,0,1,1,0,1,N/A,https://allergence.snacksafely.com/product/detail/088404EF/category,2023-05-26
"Nutrition, Cereal & Energy Bars",INBalance Health INBar - Cherry Chocolate,INBalance,1,1,1,1,1,1,1,0,1,1,1,1,N/A,https://allergence.snacksafely.com/product/detail/0C4C7B99/category,2023-05-26
"Nutrition, Cereal & Energy Bars",INBalance Health INBar - Chocolate Butter Crunch,INBalance,1,1,1,1,1,1,1,0,1,1,1,1,N/A,https://allergence.snacksafely.com/product/detail/30E79E6C/category,2023-05-26
"Nutrition, Cereal & Energy Bars",INBalance Health INBar - Chocolate Fudge,INBalance,1,1,1,1,1,1,1,0,1,1,1,1,N/A,https://allergence.snacksafely.com/product/detail/A788DFF8/category,2023-05-26
"Nutrition, Cereal & Energy Bars",INBalance Health INBar - Chocolate Mint,INBalance,1,1,1,1,1,1,1,0,1,1,1,1,N/A,https://allergence.snacksafely.com/product/detail/CE6867C5/category,2023-05-26
"Nutrition, Cereal & Energy Bars",INBalance Health INBar - Cinnamon Swirl,INBalance,1,1,1,1,1,1,1,0,1,1,1,1,N/A,https://allergence.snacksafely.com/product/detail/792B9FB4/category,2023-05-26
"Nutrition, Cereal & Energy Bars",INBalance Health INBar - Strawberry Banana,INBalance,1,1,1,1,1,1,1,0,1,1,1,1,N/A,https://allergence.snacksafely.com/product/detail/F8976EC6/category,2023-05-26
"Nutrition, Cereal & Energy Bars",No Nuts! Protein & Energy Bars - Blueberry Vanilla,No Nuts!,0,0,0,0,1,1,0,0,0,0,0,1,N/A,https://allergence.snacksafely.com/product/detail/B2566BCE/category,2023-05-26
"Nutrition, Cereal & Energy Bars",No Nuts! Protein & Energy Bars - Caramel Mocha,No Nuts!,0,0,0,0,1,1,0,0,0,0,0,1,N/A,https://allergence.snacksafely.com/product/detail/2563CDC7/category,2023-05-26
"Nutrition, Cereal & Energy Bars",No Nuts! Protein & Energy Bars - Chocolate Chip,No Nuts!,0,0,0,0,1,1,0,0,0,0,0,1,N/A,https://allergence.snacksafely.com/product/detail/A1E2EABA/category,2023-05-26
"Nutrition, Cereal & Energy Bars",No Nuts! Protein & Energy Bars - Lemon Creme,No Nuts!,0,0,0,0,1,1,0,0,0,0,0,1,N/A,https://allergence.snacksafely.com/product/detail/6B175F14/category,2023-05-26
"Nutrition, Cereal & Energy Bars",MadeGood Chocolate Drizzled Granola Bars - Birthday Cake,MadeGood,1,1,1,1,1,1,1,0,1,1,1,1,N/A,https://allergence.snacksafely.com/product/detail/F7465C33/category,2023-05-26
"Nutrition, Cereal & Energy Bars",MadeGood Chocolate Drizzled Granola Bars - Cookie Crumble,MadeGood,1,1,1,1,1,1,1,0,1,1,1,1,N/A,https://allergence.snacksafely.com/product/detail/99E2E016/category,2023-05-26
"Nutrition, Cereal & Energy Bars",MadeGood Chocolate Drizzled Granola Bars - Vanilla,MadeGood,1,1,1,1,1,1,1,0,1,1,1,1,N/A,https://allergence.snacksafely.com/product/detail/0B116E9B/category,2023-05-26
"Nutrition, Cereal & Energy Bars",MadeGood Crispy Light Granola - Cocoa Crunch,MadeGood,1,1,1,1,1,1,1,0,1,1,1,1,N/A,https://allergence.snacksafely.com/product/detail/4E5AE245/category,2023-05-26
"Nutrition, Cereal & Energy Bars",MadeGood Crispy Light Granola - Strawberry,MadeGood,1,1,1,1,1,1,1,0,1,1,1,1,N/A,https://allergence.snacksafely.com/product/detail/649948AD/category,2023-05-26
"Nutrition, Cereal & Energy Bars",MadeGood Granola Bars - Chocolate Banana,MadeGood,1,1,1,1,1,1,1,0,1,1,1,1,N/A,https://allergence.snacksafely.com/product/detail/DF7C98D4/category,2023-05-26
"Nutrition, Cereal & Energy Bars",MadeGood Granola Bars - Chocolate Chip,MadeGood,1,1,1,1,1,1,1,0,1,1,1,1,N/A,https://allergence.snacksafely.com/product/detail/DAE9AA8F/category,2023-05-26
"Nutrition, Cereal & Energy Bars",MadeGood Granola Bars - Cookies & Creme,MadeGood,1,1,1,1,1,1,1,0,1,1,1,1,N/A,https://allergence.snacksafely.com/product/detail/2A05E13A/category,2023-05-26
"Nutrition, Cereal & Energy Bars",MadeGood Granola Bars - Mixed Berry,MadeGood,1,1,1,1,1,1,1,0,1,1,1,1,N/A,https://allergence.snacksafely.com/product/detail/75AF96A6/category,2023-05-26
"Nutrition, Cereal & Energy Bars",MadeGood Granola Minis - Cookies & Creme,MadeGood,1,1,1,1,1,1,1,0,1,1,1,1,N/A,https://allergence.snacksafely.com/product/detail/0E8194AA/category,2023-05-26
"Nutrition, Cereal & Energy Bars",Somersault Crunchy Sunflower Seed Bites - Cinnamon,Somersault,0,0,0,0,1,1,0,0,,0,0,1,N/A,https://allergence.snacksafely.com/product/detail/A348654A/category,2023-05-26
"Nutrition, Cereal & Energy Bars",Somersault Crunchy Sunflower Seed Bites - Dutch Cocoa,Somersault,0,0,0,0,1,1,0,0,,0,0,1,N/A,https://allergence.snacksafely.com/product/detail/65B6EBF1/category,2023-05-26
"Nutrition, Cereal & Energy Bars",Somersault Crunchy Sunflower Seed Bites - Salt & Pepper,Somersault,0,0,0,0,1,1,0,0,,0,0,1,N/A,https://allergence.snacksafely.com/product/detail/A2A4BEAD/category,2023-05-26
"Nutrition, Cereal & Energy Bars",Somersault Crunchy Sunflower Seed Bites - Sea Salt,Somersault,0,0,0,0,1,1,0,0,,0,0,1,N/A,https://allergence.snacksafely.com/product/detail/E02A7D2D/category,2023-05-26
"Nutrition, Cereal & Energy Bars",MetaBall Energy Bites - Berry Cobbler Crunch,MetaBall,1,1,1,1,1,1,1,0,1,1,0,1,N/A,https://allergence.snacksafely.com/product/detail/55E162C4/category,2023-05-26
"Nutrition, Cereal & Energy Bars",MetaBall Energy Bites - Chocolate Brownie,MetaBall,1,1,1,1,1,1,1,0,1,1,0,1,N/A,https://allergence.snacksafely.com/product/detail/BD686B0E/category,2023-05-26
"Nutrition, Cereal & Energy Bars",MetaBall Energy Bites - Chocolate Mint,MetaBall,1,1,1,1,1,1,1,0,1,1,0,1,N/A,https://allergence.snacksafely.com/product/detail/FC93B4D9/category,2023-05-26
"Nutrition, Cereal & Energy Bars",MetaBall Energy Bites - Cinnamon Apple Crisp,MetaBall,1,1,1,1,1,1,1,0,1,1,0,1,N/A,https://allergence.snacksafely.com/product/detail/505B29E4/category,2023-05-26
"Nutrition, Cereal & Energy Bars","This Saves Lives Kids Bars - Chocolate Chip ""Dino"" Mite",This Saves Lives,1,0,1,1,1,1,1,0,1,1,0,1,N/A,https://allergence.snacksafely.com/product/detail/272FE081/category,2023-05-26
"Nutrition, Cereal & Energy Bars","This Saves Lives Kids Bars - Elephant Apple Crisp,",This Saves Lives,1,0,1,1,1,1,1,0,1,1,0,1,N/A,https://allergence.snacksafely.com/product/detail/4CD0BC81/category,2023-05-26
"Nutrition, Cereal & Energy Bars",This Saves Lives Kids Bars - Rockin' Straw-Beary (Strawberry),This Saves Lives,1,0,1,1,1,1,1,0,1,1,0,1,N/A,https://allergence.snacksafely.com/product/detail/BDF1F629/category,2023-05-26
"Nutrition, Cereal & Energy Bars",This Saves Lives Kids Bars - S'Mores Blast,This Saves Lives,1,0,1,1,1,1,1,0,1,1,0,1,N/A,https://allergence.snacksafely.com/product/detail/7C8F13E6/category,2023-05-26
"Nutrition, Cereal & Energy Bars",Vermont Nut Free Chocolates TANABAR Granola Bars - Chocolate Chip,Vermont Nut Free Chocolates,0,0,0,0,1,1,0,0,0,0,0,1,N/A,https://allergence.snacksafely.com/product/detail/8D8C406A/category,2023-05-26
"Nutrition, Cereal & Energy Bars",Vermont Nut Free Chocolates TANABAR Granola Bars - Sweet Raisin,Vermont Nut Free Chocolates,0,0,0,0,1,1,0,0,0,0,0,1,N/A,https://allergence.snacksafely.com/product/detail/5BF8103E/category,2023-05-26
"Nutrition, Cereal & Energy Bars",Vermont Nut Free Chocolates TANABAR Granola Bars - Triple Berry,Vermont Nut Free Chocolates,0,0,0,0,1,1,0,0,0,0,0,1,N/A,https://allergence.snacksafely.com/product/detail/3BF37C02/category,2023-05-26
"Nutrition, Cereal & Energy Bars",Vermont Nut Free Chocolates Trail Mix,Vermont Nut Free Chocolates,0,0,0,0,1,1,0,0,0,0,0,0,N/A,https://allergence.snacksafely.com/product/detail/40132151/category,2023-05-26
"Nutrition, Cereal & Energy Bars",Zee Zees Soft Baked Bars - Berry Apple Crisp,Zee Zees,0,0,0,0,1,1,0,0,0,0,0,1,N/A,https://allergence.snacksafely.com/product/detail/205D84EC/category,2023-05-26
"Nutrition, Cereal & Energy Bars",Zee Zees Soft Baked Bars - Birthday Cake,Zee Zees,0,0,0,0,1,1,0,0,0,0,0,1,N/A,https://allergence.snacksafely.com/product/detail/A66EB29E/category,2023-05-26
"Nutrition, Cereal & Energy Bars",Zee Zees Soft Baked Bars - Blueberry Lemon,Zee Zees,0,0,0,0,1,1,0,0,0,0,0,1,N/A,https://allergence.snacksafely.com/product/detail/01BA8169/category,2023-05-26
"Nutrition, Cereal & Energy Bars",Zee Zees Soft Baked Bars - Campfire S'mores,Zee Zees,0,0,0,0,1,1,0,0,0,0,0,1,N/A,https://allergence.snacksafely.com/product/detail/D53303A5/category,2023-05-26
"Nutrition, Cereal & Energy Bars",Zee Zees Soft Baked Bars - Cinnamon Crisp,Zee Zees,0,0,0,0,1,1,0,0,0,0,0,1,N/A,https://allergence.snacksafely.com/product/detail/38AC215C/category,2023-05-26
"Nutrition, Cereal & Energy Bars",Zee Zees Soft Baked Bars - Cocoa Cherry,Zee Zees,0,0,0,0,1,1,0,0,0,0,0,1,N/A,https://allergence.snacksafely.com/product/detail/E8A35F99/category,2023-05-26
"Nutrition, Cereal & Energy Bars",Zee Zees Soft Baked Bars - Strawberry Crisp,Zee Zees,0,0,0,0,1,1,0,0,0,0,0,1,N/A,https://allergence.snacksafely.com/product/detail/69158569/category,2023-05-26
"Nutrition, Cereal & Energy Bars",ZEGO Berry Chocolate Decadence Bar - Berry Chocolate,ZEGO,1,1,1,1,1,1,1,0,1,1,0,1,N/A,https://allergence.snacksafely.com/product/detail/0CD27465/category,2023-05-26
"Nutrition, Cereal & Energy Bars",ZEGO Organic Seed + Fruit Bar - Apple Cinnamon,ZEGO,1,1,1,1,1,1,1,0,1,1,1,1,N/A,https://allergence.snacksafely.com/product/detail/ADFF1CAA/category,2023-05-26
"Nutrition, Cereal & Energy Bars",ZEGO Organic Seed + Fruit Bar - Fudgy Chocolate,ZEGO,1,1,1,1,1,1,1,0,1,1,1,1,N/A,https://allergence.snacksafely.com/product/detail/395B6663/category,2023-05-26
"Nutrition, Cereal & Energy Bars",ZEGO Organic Seed + Fruit Bar - Sunflower Date,ZEGO,1,1,1,1,1,1,1,0,1,1,1,1,N/A,https://allergence.snacksafely.com/product/detail/02A3A296/category,2023-05-26
"Nutrition, Cereal & Energy Bars",ZEGO Organic Seed + Fruit Mix-Ins - Apple Cinnamon,ZEGO,1,1,1,1,1,1,1,0,1,1,1,1,N/A,https://allergence.snacksafely.com/product/detail/C63E6335/category,2023-05-26
"Nutrition, Cereal & Energy Bars",ZEGO Organic Seed + Fruit Mix-Ins - Cranberry,ZEGO,1,1,1,1,1,1,1,0,1,1,1,1,N/A,https://allergence.snacksafely.com/product/detail/574CBFFF/category,2023-05-26
Dairy Alternatives,GOOD PLANeT Foods Plant-Based Cheese Shreds - Cheddar,GOOD PLANeT Foods,1,0,1,1,1,1,1,0,1,1,0,1,N/A,https://allergence.snacksafely.com/product/detail/DE99BA33/category,2023-05-26
Dairy Alternatives,GOOD PLANeT Foods Plant-Based Cheese Shreds - Mozzarella,GOOD PLANeT Foods,1,0,1,1,1,1,1,0,1,1,0,1,N/A,https://allergence.snacksafely.com/product/detail/F9CCE763/category,2023-05-26
Dairy Alternatives,GOOD PLANeT Foods Plant-Based Cheese Shreds - Parmesan,GOOD PLANeT Foods,1,0,1,1,1,1,1,0,1,1,0,1,N/A,https://allergence.snacksafely.com/product/detail/8BA5221E/category,2023-05-26
Dairy Alternatives,GOOD PLANeT Foods Plant-Based Cheese Slices - American,GOOD PLANeT Foods,1,0,1,1,1,1,1,0,1,1,0,1,N/A,https://allergence.snacksafely.com/product/detail/F72FF2B2/category,2023-05-26
Dairy Alternatives,GOOD PLANeT Foods Plant-Based Cheese Slices - Cheddar,GOOD PLANeT Foods,1,0,1,1,1,1,1,0,1,1,0,1,N/A,https://allergence.snacksafely.com/product/detail/85C34C51/category,2023-05-26
Dairy Alternatives,GOOD PLANeT Foods Plant-Based Cheese Slices - Pepper Jack,GOOD PLANeT Foods,1,0,1,1,1,1,1,0,1,1,0,1,N/A,https://allergence.snacksafely.com/product/detail/54F5EC61/category,2023-05-26
Dairy Alternatives,GOOD PLANeT Foods Plant-Based Cheese Slices - Smoked Provolone,GOOD PLANeT Foods,1,0,1,1,1,1,1,0,1,1,0,1,N/A,https://allergence.snacksafely.com/product/detail/F9E2EC95/category,2023-05-26
Dairy Alternatives,GOOD PLANeT Foods Plant-Based Real Smoked Wheels - Smoked Cheddar,GOOD PLANeT Foods,1,0,1,1,1,1,1,0,1,1,0,0,N/A,https://allergence.snacksafely.com/product/detail/853E4C5F/category,2023-05-26
Dairy Alternatives,GOOD PLANeT Foods Plant-Based Real Smoked Wheels - Smoked Gouda,GOOD PLANeT Foods,1,0,1,1,1,1,1,0,1,1,0,0,N/A,https://allergence.snacksafely.com/product/detail/021C34D0/category,2023-05-26
Dairy Alternatives,GOOD PLANeT Foods Plant-Based Snackable Wedges - Original,GOOD PLANeT Foods,1,0,1,1,1,1,1,0,1,1,0,0,N/A,https://allergence.snacksafely.com/product/detail/81480398/category,2023-05-26
Dairy Alternatives,GOOD PLANeT Foods Plant-Based Snackable Wedges - Pepper Jack,GOOD PLANeT Foods,1,0,1,1,1,1,1,0,1,1,0,0,N/A,https://allergence.snacksafely.com/product/detail/8ACA423D/category,2023-05-26
Dairy Alternatives,GOOD PLANeT Foods Plant-Based Snackable Wedges - Smoked Gouda,GOOD PLANeT Foods,1,0,1,1,1,1,1,0,1,1,0,0,N/A,https://allergence.snacksafely.com/product/detail/6D64AB14/category,2023-05-26
Dairy Alternatives,WayFare Health Foods Dairy Free Cheddar,WayFare Health Foods,1,1,1,1,1,1,1,0,1,1,0,1,N/A,https://allergence.snacksafely.com/product/detail/2D5707DA/category,2023-05-26
Dairy Alternatives,WayFare Health Foods Dairy Free Cream Cheese - Onion and Chive,WayFare Health Foods,1,1,1,1,1,1,1,0,1,1,0,1,N/A,https://allergence.snacksafely.com/product/detail/EF64580B/category,2023-05-26
Dairy Alternatives,WayFare Health Foods Dairy Free Cream Cheese - Original,WayFare Health Foods,1,1,1,1,1,1,1,0,1,1,0,1,N/A,https://allergence.snacksafely.com/product/detail/9E6D6157/category,2023-05-26
Dairy Alternatives,WayFare Health Foods Dairy Free Nacho Cheddar with Jalapenos,WayFare Health Foods,1,1,1,1,1,1,1,0,1,1,0,1,N/A,https://allergence.snacksafely.com/product/detail/119E85D2/category,2023-05-26
Dairy Alternatives,WayFare Health Foods Dairy Free Salted and Whipped Butter,WayFare Health Foods,1,1,1,1,1,1,1,0,1,1,0,1,N/A,https://allergence.snacksafely.com/product/detail/32D3581E/category,2023-05-26
Dairy Alternatives,WayFare Health Foods Dairy Free Sour Cream,WayFare Health Foods,1,1,1,1,1,1,1,0,1,1,0,1,N/A,https://allergence.snacksafely.com/product/detail/39CBA5CC/category,2023-05-26
Beverages & Drink Mixes,Top Tomato Rim Salt - Dill’licious Dill Pickle,Top Tomato,1,1,1,1,1,1,1,0,1,1,0,0,N/A,https://allergence.snacksafely.com/product/detail/6E044A2C/category,2023-05-26
Beverages & Drink Mixes,Top Tomato Rim Salt - Olde Smokey Bacon,Top Tomato,1,1,1,1,1,1,1,0,1,1,0,0,N/A,https://allergence.snacksafely.com/product/detail/E7DCA90A/category,2023-05-26
Beverages & Drink Mixes,TARTA Sweet Balsamic Seltzer - Champagne Lemon Citrus,TARTA,1,0,1,1,1,1,1,0,1,1,0,0,N/A,https://allergence.snacksafely.com/product/detail/85FBCD58/category,2023-05-26
Beverages & Drink Mixes,TARTA Sweet Balsamic Seltzer - Honey Wildflower,TARTA,1,0,1,1,1,1,1,0,1,1,0,0,N/A,https://allergence.snacksafely.com/product/detail/32B8E5E7/category,2023-05-26
Beverages & Drink Mixes,TARTA Sweet Balsamic Seltzer - Orange Blossom Ginger,TARTA,1,0,1,1,1,1,1,0,1,1,0,0,N/A,https://allergence.snacksafely.com/product/detail/861CDC75/category,2023-05-26
Protein/Nutrition Shakes & Powders,Algamar's Organic Seaweed Powder - Kombu,Algamar,0,0,0,0,1,1,0,0,0,0,1,0,N/A,https://allergence.snacksafely.com/product/detail/7744B400/category,2023-05-26
Protein/Nutrition Shakes & Powders,Algamar's Organic Seaweed Powder - Sea Spaghetti,Algamar,0,0,0,0,1,1,0,0,0,0,1,0,N/A,https://allergence.snacksafely.com/product/detail/E191104F/category,2023-05-26
Protein/Nutrition Shakes & Powders,Green Boy Protein Powder - Chickpea,Green Boy,1,1,1,1,1,1,1,0,1,1,,1,N/A,https://allergence.snacksafely.com/product/detail/746897EB/category,2023-05-26
Protein/Nutrition Shakes & Powders,Green Boy Protein Powder - Fava Bean,Green Boy,1,1,1,1,1,1,1,0,1,1,,1,N/A,https://allergence.snacksafely.com/product/detail/215F2EBD/category,2023-05-26
Protein/Nutrition Shakes & Powders,Green Boy Protein Powder - Mung Bean,Green Boy,1,1,1,1,1,1,1,0,1,1,,1,N/A,https://allergence.snacksafely.com/product/detail/DE7E6130/category,2023-05-26
Protein/Nutrition Shakes & Powders,Green Boy Protein Powder - Yellow Pea,Green Boy,1,1,1,1,1,1,1,0,1,1,,1,N/A,https://allergence.snacksafely.com/product/detail/D4516F9F/category,2023-05-26
Protein/Nutrition Shakes & Powders,Nutralean Prebiotic Protein  - Chocolate Dream,Nutralean,0,0,0,0,1,1,0,0,0,0,0,0,N/A,https://allergence.snacksafely.com/product/detail/877109E8/category,2023-05-26
Protein/Nutrition Shakes & Powders,Nutralean Prebiotic Protein  - Coffee Mocha,Nutralean,0,0,0,0,1,1,0,0,0,0,0,0,N/A,https://allergence.snacksafely.com/product/detail/6C689EDC/category,2023-05-26
Protein/Nutrition Shakes & Powders,Nutralean Prebiotic Protein  - Natural (Unflavoured),Nutralean,0,0,0,0,1,1,0,0,0,0,0,0,N/A,https://allergence.snacksafely.com/product/detail/A9F1085D/category,2023-05-26
Protein/Nutrition Shakes & Powders,Nutralean Prebiotic Protein  - Salted Caramel,Nutralean,0,0,0,0,1,1,0,0,0,0,0,0,N/A,https://allergence.snacksafely.com/product/detail/C5A036AC/category,2023-05-26
Protein/Nutrition Shakes & Powders,Nutralean Prebiotic Protein  - Vanilla Cream,Nutralean,0,0,0,0,1,1,0,0,0,0,0,0,N/A,https://allergence.snacksafely.com/product/detail/11C774BF/category,2023-05-26
Protein/Nutrition Shakes & Powders,NutraVegan Smoothie - Chocolate,NutraVegan,0,0,0,0,1,1,0,0,0,0,0,0,N/A,https://allergence.snacksafely.com/product/detail/7EC4043A/category,2023-05-26
Protein/Nutrition Shakes & Powders,NutraVegan Smoothie - Natural,NutraVegan,0,0,0,0,1,1,0,0,0,0,0,0,N/A,https://allergence.snacksafely.com/product/detail/418088F6/category,2023-05-26
Protein/Nutrition Shakes & Powders,NutraVegan Smoothie - Vanilla,NutraVegan,0,0,0,0,1,1,0,0,0,0,0,0,N/A,https://allergence.snacksafely.com/product/detail/9710B201/category,2023-05-26
Protein/Nutrition Shakes & Powders,OWYN Complete Nutrition Shake - Chai,OWYN,1,0,1,1,1,1,1,0,1,1,0,1,N/A,https://allergence.snacksafely.com/product/detail/4276FEF9/category,2023-05-26
Protein/Nutrition Shakes & Powders,OWYN Complete Nutrition Shake - Chocolate,OWYN,1,0,1,1,1,1,1,0,1,1,0,1,N/A,https://allergence.snacksafely.com/product/detail/40AEAC9A/category,2023-05-26
Protein/Nutrition Shakes & Powders,OWYN Complete Nutrition Shake - Vanilla,OWYN,1,0,1,1,1,1,1,0,1,1,0,1,N/A,https://allergence.snacksafely.com/product/detail/6F824997/category,2023-05-26
Protein/Nutrition Shakes & Powders,OWYN Non-Dairy Protein Shake - Cold Brew Coffee,OWYN,1,0,1,1,1,1,1,0,1,1,0,1,N/A,https://allergence.snacksafely.com/product/detail/92BF0C3F/category,2023-05-26
Protein/Nutrition Shakes & Powders,OWYN Non-Dairy Protein Shake - Cookies & Creamless,OWYN,1,0,1,1,1,1,1,0,1,1,0,1,N/A,https://allergence.snacksafely.com/product/detail/D9D2D8D9/category,2023-05-26
Protein/Nutrition Shakes & Powders,"OWYN Non-Dairy Protein Shake - Dark Chocolate,",OWYN,1,0,1,1,1,1,1,0,1,1,0,1,N/A,https://allergence.snacksafely.com/product/detail/78F8EA92/category,2023-05-26
Protein/Nutrition Shakes & Powders,OWYN Non-Dairy Protein Shake - Sea Salted Caramel,OWYN,1,0,1,1,1,1,1,0,1,1,0,1,N/A,https://allergence.snacksafely.com/product/detail/975F70A0/category,2023-05-26
Protein/Nutrition Shakes & Powders,OWYN Non-Dairy Protein Shake - Smooth Vanilla,OWYN,1,0,1,1,1,1,1,0,1,1,0,1,N/A,https://allergence.snacksafely.com/product/detail/474B4B9D/category,2023-05-26
Protein/Nutrition Shakes & Powders,OWYN Non-Dairy Protein Shake - Strawberry Banana,OWYN,1,0,1,1,1,1,1,0,1,1,0,1,N/A,https://allergence.snacksafely.com/product/detail/E1F31FA4/category,2023-05-26
Protein/Nutrition Shakes & Powders,"OWYN Non-Dairy Protein Shake - Variety Pack (Dark Chocolate, Cold Brew Coffee, Cookies and Creamless)",OWYN,1,0,1,1,1,1,1,0,1,1,0,1,N/A,https://allergence.snacksafely.com/product/detail/4481781F/category,2023-05-26
Protein/Nutrition Shakes & Powders,"OWYN Non-Dairy Protein Shake - Variety Pack (Smooth Vanilla, Cold Brew Coffee, Cookies and Creamless)",OWYN,1,0,1,1,1,1,1,0,1,1,0,1,N/A,https://allergence.snacksafely.com/product/detail/3778FAFD/category,2023-05-26
Protein/Nutrition Shakes & Powders,OWYN Plant Based Protein Powder - Cookies and Creamless,OWYN,1,0,1,1,1,1,1,0,1,1,0,1,N/A,https://allergence.snacksafely.com/product/detail/2CF2BD4C/category,2023-05-26
Protein/Nutrition Shakes & Powders,OWYN Plant Based Protein Powder - Dark Chocolate,OWYN,1,0,1,1,1,1,1,0,1,1,0,1,N/A,https://allergence.snacksafely.com/product/detail/E264ECD7/category,2023-05-26
Protein/Nutrition Shakes & Powders,OWYN Plant Based Protein Powder - Smooth Vanilla,OWYN,1,0,1,1,1,1,1,0,1,1,0,1,N/A,https://allergence.snacksafely.com/product/detail/8DC85F13/category,2023-05-26
Protein/Nutrition Shakes & Powders,"OWYN Plant Based Protein Powder - Variety Pack (Dark Chocolate, Smooth Vanilla)",OWYN,1,0,1,1,1,1,1,0,1,1,0,1,N/A,https://allergence.snacksafely.com/product/detail/83B93301/category,2023-05-26
Protein/Nutrition Shakes & Powders,OWYN Pro Elite High Protein Shake - Chocolate,OWYN,1,0,1,1,1,1,1,0,1,1,0,1,N/A,https://allergence.snacksafely.com/product/detail/E1F81306/category,2023-05-26
Protein/Nutrition Shakes & Powders,OWYN Pro Elite High Protein Shake - No Nut Buttercup,OWYN,1,0,1,1,1,1,1,0,1,1,0,1,N/A,https://allergence.snacksafely.com/product/detail/AFD8F282/category,2023-05-26
Protein/Nutrition Shakes & Powders,OWYN Pro Elite High Protein Shake - Vanilla,OWYN,1,0,1,1,1,1,1,0,1,1,0,1,N/A,https://allergence.snacksafely.com/product/detail/84D851FD/category,2023-05-26
Protein/Nutrition Shakes & Powders,"OWYN Pro Elite High Protein Shake - Variety Pack (Chocolate, Vanilla, No Nut Buttercup)",OWYN,1,0,1,1,1,1,1,0,1,1,0,1,N/A,https://allergence.snacksafely.com/product/detail/020ED00E/category,2023-05-26
Protein/Nutrition Shakes & Powders,ZEGO Organic Pure Plant Protein - Plain,ZEGO,1,1,1,1,1,1,1,0,1,1,1,1,N/A,https://allergence.snacksafely.com/product/detail/874AC34A/category,2023-05-26
Fruit Snacks & Dried Fruit,Brothers All Natural Disney Freeze Dried Fruit Crisps - Asian Pear (Donald Duck),Brothers,1,0,1,1,1,1,1,0,1,1,0,1,N/A,https://allergence.snacksafely.com/product/detail/68A78176/category,2023-05-26
Fruit Snacks & Dried Fruit,Brothers All Natural Disney Freeze Dried Fruit Crisps - Banana & Strawberry (Goofy),Brothers,1,0,1,1,1,1,1,0,1,1,0,1,N/A,https://allergence.snacksafely.com/product/detail/E50C67F6/category,2023-05-26
Fruit Snacks & Dried Fruit,Brothers All Natural Disney Freeze Dried Fruit Crisps - Fuji Apple & Cinnamon (Minnie Mouse),Brothers,1,0,1,1,1,1,1,0,1,1,0,1,N/A,https://allergence.snacksafely.com/product/detail/538863E6/category,2023-05-26
Fruit Snacks & Dried Fruit,Brothers All Natural Disney Freeze Dried Fruit Crisps - Fuji Apple (Mickey Mouse),Brothers,1,0,1,1,1,1,1,0,1,1,0,1,N/A,https://allergence.snacksafely.com/product/detail/77D8BEB6/category,2023-05-26
Fruit Snacks & Dried Fruit,Brothers All Natural Freeze Dried Fruit Crisps - Asian Pear,Brothers,1,0,1,1,1,1,1,0,1,1,0,1,N/A,https://allergence.snacksafely.com/product/detail/719004E5/category,2023-05-26
Fruit Snacks & Dried Fruit,Brothers All Natural Freeze Dried Fruit Crisps - Banana,Brothers,1,0,1,1,1,1,1,0,1,1,0,1,N/A,https://allergence.snacksafely.com/product/detail/BA8533B5/category,2023-05-26
Fruit Snacks & Dried Fruit,Brothers All Natural Freeze Dried Fruit Crisps - Banana & Strawberry,Brothers,1,0,1,1,1,1,1,0,1,1,0,1,N/A,https://allergence.snacksafely.com/product/detail/8E02E0EB/category,2023-05-26
Fruit Snacks & Dried Fruit,Brothers All Natural Freeze Dried Fruit Crisps - Fuji Apple,Brothers,1,0,1,1,1,1,1,0,1,1,0,1,N/A,https://allergence.snacksafely.com/product/detail/00C4F084/category,2023-05-26
Fruit Snacks & Dried Fruit,Brothers All Natural Freeze Dried Fruit Crisps - Fuji Apple & Cinnamon,Brothers,1,0,1,1,1,1,1,0,1,1,0,1,N/A,https://allergence.snacksafely.com/product/detail/ACE0CF85/category,2023-05-26
Fruit Snacks & Dried Fruit,Brothers All Natural Freeze Dried Fruit Crisps - Peach,Brothers,1,0,1,1,1,1,1,0,1,1,0,1,N/A,https://allergence.snacksafely.com/product/detail/7B8BDAC9/category,2023-05-26
Fruit Snacks & Dried Fruit,Brothers All Natural Freeze Dried Fruit Crisps - Strawberry,Brothers,1,0,1,1,1,1,1,0,1,1,0,1,N/A,https://allergence.snacksafely.com/product/detail/29DEA1AF/category,2023-05-26
Fruit Snacks & Dried Fruit,Crispy Green Crispy Fruit - All Apple,Crispy Green,1,0,1,1,1,1,1,0,1,1,0,1,N/A,https://allergence.snacksafely.com/product/detail/783F964D/category,2023-05-26
Fruit Snacks & Dried Fruit,Crispy Green Crispy Fruit - All Banana,Crispy Green,1,0,1,1,1,1,1,0,1,1,0,1,N/A,https://allergence.snacksafely.com/product/detail/5720F434/category,2023-05-26
Fruit Snacks & Dried Fruit,Crispy Green Crispy Fruit - All Mango,Crispy Green,1,0,1,1,1,1,1,0,1,1,0,1,N/A,https://allergence.snacksafely.com/product/detail/0AFE3775/category,2023-05-26
Fruit Snacks & Dried Fruit,Crispy Green Crispy Fruit - All Pear,Crispy Green,1,0,1,1,1,1,1,0,1,1,0,1,N/A,https://allergence.snacksafely.com/product/detail/4F39B7A6/category,2023-05-26
Fruit Snacks & Dried Fruit,Crispy Green Crispy Fruit - All Pineapple,Crispy Green,1,0,1,1,1,1,1,0,1,1,0,1,N/A,https://allergence.snacksafely.com/product/detail/FFCDDF23/category,2023-05-26
Fruit Snacks & Dried Fruit,Crispy Green Crispy Fruit - All Strawberry,Crispy Green,1,0,1,1,1,1,1,0,1,1,0,1,N/A,https://allergence.snacksafely.com/product/detail/7C4266BE/category,2023-05-26
Fruit Snacks & Dried Fruit,Crispy Green Crispy Fruit - All Tangerine,Crispy Green,1,0,1,1,1,1,1,0,1,1,0,1,N/A,https://allergence.snacksafely.com/product/detail/E4F890BB/category,2023-05-26
Fruit Snacks & Dried Fruit,Honestly Cranberry - Unsweetened Dried Cranberries - Case,Honestly Cranberry,1,0,1,1,1,1,1,0,1,1,0,0,N/A,https://allergence.snacksafely.com/product/detail/5FA7A55F/category,2023-05-27
Fruit Snacks & Dried Fruit,Honestly Cranberry - Unsweetened Dried Cranberries - Pouch,Honestly Cranberry,1,0,1,1,1,1,1,0,1,1,0,0,N/A,https://snacksafely.com/pc.php?h=B364B52B&c=&p=Pouch,2023-05-27
Fruit Snacks & Dried Fruit,Nature's Turn All Natural Freeze-Dried Fruit Crisps - Apple,Nature’s Turn,1,0,1,1,1,1,1,0,1,1,0,1,N/A,https://snacksafely.com/pc.php?h=57B96F82&c=NAT&p=Apple,2023-05-27
Fruit Snacks & Dried Fruit,Nature's Turn All Natural Freeze-Dried Fruit Crisps - Apple Cinnamon,Nature’s Turn,1,0,1,1,1,1,1,0,1,1,0,1,N/A,https://snacksafely.com/pc.php?h=6F4640CC&c=&p=Apple+Cinnamon,2023-05-27
Fruit Snacks & Dried Fruit,Nature's Turn All Natural Freeze-Dried Fruit Crisps - Banana,Nature’s Turn,1,0,1,1,1,1,1,0,1,1,0,1,N/A,https://snacksafely.com/pc.php?h=636F1A8E&c=&p=Banana,2023-05-27
Fruit Snacks & Dried Fruit,Nature's Turn All Natural Freeze-Dried Fruit Crisps - Peach,Nature’s Turn,1,0,1,1,1,1,1,0,1,1,0,1,N/A,https://snacksafely.com/pc.php?h=24325446&c=&p=Peach,2023-05-27
Fruit Snacks & Dried Fruit,Nature's Turn All Natural Freeze-Dried Fruit Crisps - Pear,Nature’s Turn,1,0,1,1,1,1,1,0,1,1,0,1,N/A,https://snacksafely.com/pc.php?h=BA7C291E&c=&p=Pear,2023-05-27
Fruit Snacks & Dried Fruit,Nature's Turn All Natural Freeze-Dried Fruit Crisps - Strawberry,Nature’s Turn,1,0,1,1,1,1,1,0,1,1,0,1,N/A,https://snacksafely.com/pc.php?h=A046A351&c=&p=Strawberry,2023-05-27
Fruit Snacks & Dried Fruit,Nature's Turn All Natural Freeze-Dried Fruit Crisps - Strawberry & Banana,Nature’s Turn,1,0,1,1,1,1,1,0,1,1,0,1,N/A,https://snacksafely.com/pc.php?h=5A058EE7&c=&p=Strawberry+%26+Banana,2023-05-27
Fruit Snacks & Dried Fruit,Sun Tropics Dried Soursop,Sun Tropics,0,0,0,0,1,1,0,0,0,0,0,0,N/A,https://snacksafely.com/pc.php?h=08AC115E&c=STR&p=Sun+Tropics+Dried+Soursop,2023-05-27
Fruit Snacks & Dried Fruit,TropicMax Plantain Chips - Sea Salt,TropicMax,1,1,1,1,1,1,1,0,1,1,0,1,N/A,https://snacksafely.com/pc.php?h=38990063&c=TRO&p=Sea+Salt,2023-05-27
Fruit Snacks & Dried Fruit,TropicMax Plantain Chips - Spicy,TropicMax,1,1,1,1,1,1,1,0,1,1,0,1,N/A,https://snacksafely.com/pc.php?h=38034D31&c=&p=Spicy,2023-05-27
Fruit Snacks & Dried Fruit,TropicMax Plantain Chips - Sweet,TropicMax,1,1,1,1,1,1,1,0,1,1,0,1,N/A,https://snacksafely.com/pc.php?h=AC9FCBC3&c=&p=Sweet,2023-05-27
Fruit Snacks & Dried Fruit,TropicMax Tostones - Sea Salt,TropicMax,1,1,1,1,1,1,1,0,1,1,0,1,N/A,https://snacksafely.com/pc.php?h=814C4E77&c=TRO&p=Sea+Salt,2023-05-27
Fruit Snacks & Dried Fruit,Zee Zees Applesauce - Birthday Cake,Zee Zees,1,0,1,1,1,1,1,0,1,1,0,1,N/A,https://snacksafely.com/pc.php?h=34229A64&c=NFG&p=Birthday+Cake,2023-05-27
Fruit Snacks & Dried Fruit,Zee Zees Applesauce - Original,Zee Zees,1,0,1,1,1,1,1,0,1,1,0,1,N/A,https://snacksafely.com/pc.php?h=283CA265&c=&p=Original,2023-05-27
Fruit Snacks & Dried Fruit,Zee Zees Applesauce - Rock'n Blue Raspberry,Zee Zees,1,0,1,1,1,1,1,0,1,1,0,1,N/A,https://snacksafely.com/pc.php?h=935C6C74&c=&p=Rock%27n+Blue+Raspberry,2023-05-27
Fruit Snacks & Dried Fruit,Zee Zees Applesauce - Strawberry Banana,Zee Zees,1,0,1,1,1,1,1,0,1,1,0,1,N/A,https://snacksafely.com/pc.php?h=06C06348&c=&p=Strawberry+Banana,2023-05-27
Fruit Snacks & Dried Fruit,Zee Zees Applesauce - Unsweetened Cinnamon,Zee Zees,1,0,1,1,1,1,1,0,1,1,0,1,N/A,https://snacksafely.com/pc.php?h=0E8AB310&c=&p=Unsweetened+Cinnamon,2023-05-27
Fruit Snacks & Dried Fruit,Zee Zees Applesauce - Unsweetened Mango Peach,Zee Zees,1,0,1,1,1,1,1,0,1,1,0,1,N/A,https://snacksafely.com/pc.php?h=196EEF63&c=&p=Unsweetened+Mango+Peach,2023-05-27
Fruit Snacks & Dried Fruit,Zee Zees Applesauce - Unsweetened Original,Zee Zees,1,0,1,1,1,1,1,0,1,1,0,1,N/A,https://snacksafely.com/pc.php?h=B1522981&c=&p=Unsweetened+Original,2023-05-27
Fruit Snacks & Dried Fruit,Zee Zees Applesauce - Wild Watermelon,Zee Zees,1,0,1,1,1,1,1,0,1,1,0,1,N/A,https://snacksafely.com/pc.php?h=9C5E3ECC&c=&p=Wild+Watermelon,2023-05-27
Fruit Snacks & Dried Fruit,Zee Zees Dried Fruit - Raisins,Zee Zees,1,0,1,1,1,1,1,0,1,1,0,1,N/A,https://snacksafely.com/pc.php?h=ADDAB6F5&c=NFG&p=Mixzees+Blend,2023-05-27
Fruit Snacks & Dried Fruit,Zee Zees Dried Fruit - Raisins,Zee Zees,1,0,1,1,1,1,1,0,1,1,0,1,N/A,https://snacksafely.com/pc.php?h=C4A91314&c=&p=Raisins,2023-05-27
Fruit Snacks & Dried Fruit,ZEGO Fruit + Chia Bars - Raspberry,ZEGO,1,1,1,1,1,1,1,0,1,1,0,1,N/A,https://snacksafely.com/pc.php?h=0B41BAD3&c=ZEG&p=Raspberry,2023-05-27
Fruit Snacks & Dried Fruit,ZEGO Fruit + Chia Bars - Strawberry,ZEGO,1,1,1,1,1,1,1,0,1,1,0,1,N/A,https://snacksafely.com/pc.php?h=A9E41494&c=&p=Strawberry,2023-05-27
Fruit Snacks & Dried Fruit,ZEGO Just Fruit Bars - Cherry,ZEGO,1,1,1,1,1,1,1,0,1,1,0,1,N/A,https://snacksafely.com/pc.php?h=48A9F6B0&c=ZEG&p=Cherry,2023-05-27
Fruit Snacks & Dried Fruit,ZEGO Just Fruit Bars - Pear,ZEGO,1,1,1,1,1,1,1,0,1,1,0,1,N/A,https://snacksafely.com/pc.php?h=BA0E8AB6&c=&p=Pear,2023-05-27
Fruit Snacks & Dried Fruit,ZEGO Just Fruit Bars - Raspberry,ZEGO,1,1,1,1,1,1,1,0,1,1,0,1,N/A,https://snacksafely.com/pc.php?h=10102FC0&c=&p=Raspberry,2023-05-27
"Granola, Trail Mixes & Seeds",88 Acres Seed’nola - Cinnamon & Oats,88 Acres,1,1,1,1,1,1,1,0,1,1,0,1,N/A,https://allergence.snacksafely.com/product/detail/7FA10D01/category,2023-05-27
"Granola, Trail Mixes & Seeds",88 Acres Seed’nola - Dark Chocolate Sea Salt,88 Acres,1,1,1,1,1,1,1,0,1,1,0,1,N/A,https://allergence.snacksafely.com/product/detail/9AB3327B/category,2023-05-27
"Granola, Trail Mixes & Seeds",88 Acres Seed’nola - Double Chocolate Mocha,88 Acres,1,1,1,1,1,1,1,0,1,1,0,1,N/A,https://allergence.snacksafely.com/product/detail/3D75FC7D/category,2023-05-27
"Granola, Trail Mixes & Seeds",88 Acres Seed’nola - Spiced Ginger Apple,88 Acres,1,1,1,1,1,1,1,0,1,1,0,1,N/A,https://allergence.snacksafely.com/product/detail/5AFB2797/category,2023-05-27
"Granola, Trail Mixes & Seeds",88 Acres Seed’nola - Triple Berry Blend,88 Acres,1,1,1,1,1,1,1,0,1,1,0,1,N/A,https://allergence.snacksafely.com/product/detail/A3F69925/category,2023-05-27
"Granola, Trail Mixes & Seeds",Gerbs Granola - Banana Dark Chocolate Chip Granola,Gerbs,1,0,1,1,1,1,1,0,1,1,0,1,N/A,https://allergence.snacksafely.com/product/detail/905431CD/category,2023-05-27
"Granola, Trail Mixes & Seeds",Gerbs Granola - Blueberry Harvest Granola,Gerbs,1,0,1,1,1,1,1,0,1,1,0,1,N/A,https://allergence.snacksafely.com/product/detail/A32AABF3/category,2023-05-27
"Granola, Trail Mixes & Seeds","Gerbs Granola - Cranberry Harvest Granola,",Gerbs,1,0,1,1,1,1,1,0,1,1,0,1,N/A,https://allergence.snacksafely.com/product/detail/571B06F6/category,2023-05-27
"Granola, Trail Mixes & Seeds",Gerbs Granola - Dark Chocolate Chip Granola,Gerbs,1,0,1,1,1,1,1,0,1,1,0,1,N/A,https://allergence.snacksafely.com/product/detail/2D6FF318/category,2023-05-27
"Granola, Trail Mixes & Seeds",Gerbs Granola - Original Seed & Honey Granola,Gerbs,1,0,1,1,1,1,1,0,1,1,0,1,N/A,https://allergence.snacksafely.com/product/detail/40443FC2/category,2023-05-27
"Granola, Trail Mixes & Seeds",Gerbs Granola - Super Five Fruit Granola,Gerbs,1,0,1,1,1,1,1,0,1,1,0,1,N/A,https://allergence.snacksafely.com/product/detail/75904EDB/category,2023-05-27
"Granola, Trail Mixes & Seeds",Gerbs Granola - Super Five Seeds Granola,Gerbs,1,0,1,1,1,1,1,0,1,1,0,1,N/A,https://allergence.snacksafely.com/product/detail/0A7F2E08/category,2023-05-27
"Granola, Trail Mixes & Seeds",Gerbs Healthy Snacks - Crunchy Monkey Snack Mix,Gerbs,1,0,1,1,1,1,1,0,1,1,0,1,N/A,https://allergence.snacksafely.com/product/detail/7DB4C289/category,2023-05-27
"Granola, Trail Mixes & Seeds",Gerbs Salad Mixes - 7 Seed Raw Mix,Gerbs,1,0,1,1,1,1,1,0,1,1,0,1,N/A,https://allergence.snacksafely.com/product/detail/3959060B/category,2023-05-27
"Granola, Trail Mixes & Seeds",Gerbs Salad Mixes - Cape Cod Antioxidant Raw Salad Mix,Gerbs,1,0,1,1,1,1,1,0,1,1,0,1,N/A,https://allergence.snacksafely.com/product/detail/7DA0CD4D/category,2023-05-27
"Granola, Trail Mixes & Seeds",Gerbs Salad Mixes - Super Food Mix - 10 Seed & Fruit Blend,Gerbs,1,0,1,1,1,1,1,0,1,1,0,1,N/A,https://allergence.snacksafely.com/product/detail/CD140B88/category,2023-05-27
"Granola, Trail Mixes & Seeds",Ozery Bakery Super Seed Crunch - Chocolate,Ozery Bakery,1,1,1,1,1,1,1,0,1,1,0,1,N/A,https://allergence.snacksafely.com/product/detail/C482381B/category,2023-05-27
"Granola, Trail Mixes & Seeds",Ozery Bakery Super Seed Crunch - Mixed Berries,Ozery Bakery,1,1,1,1,1,1,1,0,1,1,0,1,N/A,https://allergence.snacksafely.com/product/detail/B4F29057/category,2023-05-27
"Granola, Trail Mixes & Seeds",Ozery Bakery Super Seed Crunch - Sweet and Salty,Ozery Bakery,1,1,1,1,1,1,1,0,1,1,0,1,N/A,https://allergence.snacksafely.com/product/detail/380EA831/category,2023-05-27
"Granola, Trail Mixes & Seeds",Seedwise Granola - Chocolate Cherry,Seedwise,1,1,1,1,1,1,1,0,1,1,0,1,N/A,https://allergence.snacksafely.com/product/detail/A875647A/category,2023-05-27
"Granola, Trail Mixes & Seeds",Seedwise Granola - Lemon Blueberry,Seedwise,1,1,1,1,1,1,1,0,1,1,0,1,N/A,https://allergence.snacksafely.com/product/detail/F39FA635/category,2023-05-27
"Granola, Trail Mixes & Seeds",Red Plate Foods Nut Free Granola - Cinnamon,Red Plate Foods,1,1,1,1,1,1,1,0,1,1,0,0,N/A,https://allergence.snacksafely.com/product/detail/26BB7EDB/category,2023-05-27
"Granola, Trail Mixes & Seeds",Red Plate Foods Nut Free Granola - Dark Chocolate,Red Plate Foods,1,1,1,1,1,1,1,0,1,1,0,0,N/A,https://allergence.snacksafely.com/product/detail/21ABB21E/category,2023-05-27
"Granola, Trail Mixes & Seeds",Red Plate Foods Nut Free Granola - Vanilla,Red Plate Foods,1,1,1,1,1,1,1,0,1,1,0,0,N/A,https://allergence.snacksafely.com/product/detail/8BFA10A3/category,2023-05-27
"Granola, Trail Mixes & Seeds",Red Plate Foods Nut Free Granola - Vanilla & Chocolate Swirl,Red Plate Foods,1,1,1,1,1,1,1,0,1,1,0,0,N/A,https://allergence.snacksafely.com/product/detail/6CFF587E/category,2023-05-27
"Granola, Trail Mixes & Seeds","MadeGood Granola Minis - Chocolate Banana,",MadeGood,1,1,1,1,1,1,1,0,1,1,1,1,N/A,https://allergence.snacksafely.com/product/detail/B36D496A/category,2023-05-27
"Granola, Trail Mixes & Seeds",MadeGood Granola Minis - Chocolate Chip,MadeGood,1,1,1,1,1,1,1,0,1,1,1,1,N/A,https://allergence.snacksafely.com/product/detail/F791ADB9/category,2023-05-27
"Granola, Trail Mixes & Seeds",MadeGood Granola Minis - Strawberry,MadeGood,1,1,1,1,1,1,1,0,1,1,1,1,N/A,https://allergence.snacksafely.com/product/detail/889033C2/category,2023-05-27
"Granola, Trail Mixes & Seeds",ZEGO Organic Seed + Fruit Mix-Ins - Chocolate Chip,ZEGO,1,1,1,1,1,1,1,0,1,1,1,1,N/A,https://allergence.snacksafely.com/product/detail/5BE8F09F/category,2023-05-27